Rk,PER,TS%,3PAr,FTr,ORB%,DRB%,TRB%,AST%,STL%,BLK%,TOV%,USG%,OBPM,DBPM,BPM,VORP,WS
1,15.9,0.632,0.027,0.507,10.3,16.6,13.4,5.2,2,3.5,15.6,14.7,-0.6,1.3,0.7,0.2,1.1
2,13.4,0.493,0.012,0.595,10.6,21.2,15.7,8.3,1.3,3.1,13.1,15.6,-3,-0.2,-3.3,-0.2,1
3,13,0.527,0.265,0.246,1.4,10.3,5.8,14.6,0.9,0.4,12.1,22.5,-0.3,-2,-2.3,-0.2,2
4,15.3,0.625,0.5,0,0,12.1,6.2,19.4,0,0,0,20.3,4.7,-4.9,-0.2,0,0
5,11.1,0.563,0,0.25,8.7,26.7,17.7,3.4,0.7,4.6,20.6,12.7,-4.8,0.7,-4,-0.2,0.6
5,7.3,0.532,0,0.209,6.5,23.7,15.2,4.1,0.7,3.2,23,12.5,-5.7,1,-4.8,-0.1,0.2
5,15.7,0.598,0,0.297,11.5,30.4,20.7,2.6,0.6,6.3,17.7,12.9,-3.6,0.5,-3.1,-0.1,0.4
6,20.4,0.53,0.011,0.264,7.2,20.9,14,13,1.2,2.5,8.9,26.5,0.3,0.5,0.8,2,7.2
7,11.5,0.474,0.002,0.132,10.5,16.5,13.4,6.7,0.8,2.6,10.3,14.8,-3.2,0.6,-2.6,-0.3,2.5
8,14.7,0.599,0.51,0.243,2.6,10.1,6.6,10.2,1.7,0.6,12.5,19.3,1.7,-1.5,0.2,1.1,5.4
9,13.2,0.489,0.038,0.293,6.6,13.8,10.2,7.6,3.1,1.7,11.5,17.8,-1.6,2.9,1.3,1.8,5.1
10,13.7,0.519,0.04,0.289,7.9,26.2,16.9,7.8,2.4,2.1,17.8,14.6,-2,2.4,0.4,1.3,3.1
11,9.3,0.392,0,0.444,14.7,18.7,16.7,4.5,2.3,2.6,16.4,14.2,-4.4,1,-3.3,-0.1,0.1
11,6.3,0.342,0,0.526,15.9,17.6,16.7,2.8,2.2,2.9,19,16.1,-6.9,0.9,-5.9,-0.2,-0.1
11,0,0,0,0,56.7,0,28.7,0,0,0,0,23,-9.7,-11.4,-21.1,0,0
11,11.7,0.449,0,0.381,13.4,19.7,16.5,5.8,2.3,2.4,14,12.7,-2.4,1.3,-1.1,0,0.3
12,17.4,0.631,0.024,0.756,11.9,21.5,17,4,1.4,5.8,12.8,14.4,-0.6,1.8,1.2,0.5,2.7
13,12.6,0.509,0.463,0.239,2.7,9.2,5.9,11.7,1.7,0.4,10.5,23.6,0.4,-2.4,-2,0,1.6
14,13.9,0.539,0.476,0.222,5.2,15,10.2,15.8,1.9,0.9,15.3,18,-0.1,0,-0.1,0.2,0.9
14,13,0.587,0.44,0.36,3.9,12.8,8.6,13.9,1.6,1.5,19.5,17.6,-1,0.3,-0.7,0,0.2
14,14.2,0.526,0.485,0.188,5.6,15.7,10.7,16.4,2,0.7,14.1,18.1,0.2,-0.1,0,0.2,0.7
15,18.1,0.548,0.5,0.161,8.9,15.9,12.4,6.9,0.9,1,7.5,24,4.1,-2.9,1.3,2.1,6.5
16,24.8,0.56,0.278,0.344,6.1,15.9,10.8,14.1,1.1,1.1,9.3,35.6,4.7,-2.3,2.4,2.8,9.5
17,10.4,0.542,0,0.412,10.4,14.4,12.5,3.1,1.2,6.1,21.5,8.6,-3,2.7,-0.3,0.2,1.2
18,14,0.538,0.463,0.211,3.3,16.9,10,12.7,2.5,1.1,14.6,17.9,-0.4,1.9,1.5,1.3,3.1
19,11.8,0.477,0.05,0.128,8.1,12.5,10.3,5.9,1.3,2.8,10.2,20.1,-2.9,0.5,-2.4,-0.1,1.7
20,14.9,0.558,0.002,0.487,12.8,31,22,4.6,0.9,2.7,18.8,16.3,-2.6,1.3,-1.3,0.5,5.5
21,11,0.527,0.646,0.337,1.9,6.3,4.1,21.6,1.5,0.2,16.8,15.1,-0.4,-1.4,-1.9,0,2.8
22,12.8,0.54,0,0.299,9,21.3,15.1,14.7,1.5,1.8,19.9,14.5,-2.6,1.3,-1.2,0.1,1.2
22,11.7,0.54,0,0.304,7.9,19.8,13.8,15.5,1.2,1.8,21.1,14.3,-2.9,1,-1.9,0,0.7
22,16.6,0.539,0,0.286,12.7,26.7,19.4,11.6,2.8,1.8,16,15,-1.3,2.6,1.3,0.1,0.4
23,14.5,0.533,0.032,0.183,8.9,22.2,15.7,7.2,0.9,2.4,14.5,19.7,-3.5,0.6,-2.9,-0.1,1
24,9.4,0.509,0.761,0.056,2.4,19.7,10.9,6.2,1,0.5,8.4,16.4,-1.2,-2.3,-3.6,-0.3,0.7
25,13.5,0.509,0.244,0.212,1.9,8.5,5.3,19,1.7,0.9,9.1,21.4,-1.1,-1.8,-2.9,-0.1,0.9
26,14.1,0.51,0.369,0.177,2.2,11.9,6.9,30.6,1,0,15.1,25.1,1.1,-2.1,-1,0.4,1.9
27,11.2,0.482,0.289,0.181,3,12.3,7.6,6.6,1.1,1.8,10.5,23.8,-2.5,-1.8,-4.2,-0.6,0.1
28,11,0.526,0.231,0.303,2.9,14.5,8.9,7.3,1.3,0.5,12.4,17.7,-2.1,-0.3,-2.4,-0.2,2.8
29,15.5,0.566,0.481,0.173,6.5,14.5,10.6,9.2,2.1,2.6,11,18.1,2.2,1.1,3.4,2.8,6.3
30,8.9,0.361,0,0.137,15.4,28.1,21.6,5,1.6,3,16.9,18.8,-7.6,1,-6.6,-0.2,0
30,6.9,0.357,0,0.135,14.4,24.7,19.5,3.9,2.1,3.2,20.3,18.4,-8.4,1.6,-6.8,-0.1,-0.1
30,15.4,0.37,0,0.143,18.4,39.3,28.5,8.7,0,2.3,6.3,20.1,-5,-0.9,-5.9,0,0.1
31,9.1,0.437,0.21,0.21,4.6,14.3,9.4,10.4,2,0.8,15.1,20.4,-4.8,-0.9,-5.7,-0.8,-0.5
32,12.3,0.535,0.003,0.255,7,15.2,11.2,6,1,2.3,10.9,15.5,-2.3,1.1,-1.2,0.4,4.7
33,10.7,0.623,0.873,0.105,2.7,8.4,5.7,5.7,1.2,2.5,8.2,11,2,0,2,1.8,4.4
34,15.7,0.566,0.533,0.252,4,13.2,8.5,20.3,1.7,2.2,17,18.2,2.3,1.1,3.4,3.8,5.8
35,13.5,0.514,0.324,0.196,1.4,10.5,5.9,24.9,1.8,0.8,15.1,20.8,0.1,-0.2,-0.2,0.8,4
36,8.8,0.521,0.028,0.333,10.4,15.5,13.1,5.2,0.4,3.1,21,17.1,-4.7,0.4,-4.3,-0.1,0.1
37,11.3,0.454,0.293,0.379,2.1,6.8,4.5,13.1,3.2,1.2,11.7,25.7,-3.4,-1.5,-4.9,-0.2,0.1
38,13.6,0.515,0.344,0.231,2.7,10.8,6.7,13.7,1.5,1.3,10.6,22.2,0,0,-0.1,0.9,3
39,10.8,0.462,0.188,0.164,3.7,17.2,10.3,12.5,1,1.6,14.9,27.6,-4.4,-1.7,-6.1,-1.6,-1.5
40,10.6,0.47,0.409,0.216,1.9,9.6,5.8,22.6,1.8,0.6,14.6,18.7,-1.6,-1.7,-3.3,-0.2,0.4
41,10.4,0.513,0.362,0.275,0.8,7.8,4.3,12.9,1.3,0.2,10.7,18.7,-1.1,-1.6,-2.7,-0.3,3
42,15.4,0.551,0.508,0.217,7.2,10.1,8.7,24.2,2.6,2.2,17.5,15.4,2,1.4,3.4,1,2.2
43,7.7,0.449,0,0.619,7.8,25.7,17,3.7,1.5,6.6,34.4,3.7,-5,5.7,0.7,0.3,1.1
44,15,0.601,0.682,0.364,0.6,8.4,4.6,17.4,1.5,0.2,14.5,19.6,2.4,-2.7,-0.2,0.2,1.3
45,10.1,0.472,0,0.41,9.9,20.9,15.2,2.5,0.7,5.3,16.7,10.2,-4.4,1.2,-3.2,-0.7,1.4
46,14.6,0.543,0.004,0.258,9.5,21.1,15.6,8.3,2.2,0.9,14,19,-2,1.3,-0.8,0.3,2.2
47,11.7,0.573,0.633,0.13,2,10.1,6.2,21.9,1.5,0.4,17.8,13.2,0.7,-0.7,0,0.6,2.4
48,21.9,0.547,0.033,0.32,12.2,19.6,15.8,10.5,3,2.7,13.8,26.5,0.7,1.6,2.3,1.7,4.9
49,17.5,0.513,0.137,0.236,6.1,11.1,8.6,23.5,3.7,3,17.9,22.5,0,2.7,2.7,1.9,3.7
50,6.7,0.533,0.863,0.06,1.3,8.8,5,8.1,1.1,0.2,14.4,11.2,-0.4,-0.9,-1.3,0.3,1.4
51,13.8,0.463,0.005,0.207,9.8,24.1,17.2,12.5,1.3,5.5,14.8,13.4,-2.5,4.8,2.3,0.9,1.7
52,11.8,0.609,0.522,0.065,3.4,12.5,8.2,5.8,1,1.5,6.3,12.8,0.4,0,0.5,0.6,2.5
53,13.9,0.509,0.023,0.327,12.2,17.8,14.9,7.4,1.9,1.4,11,14.5,-1.7,1.8,0.1,0.5,2.3
54,17.1,0.51,0.002,0.232,7.8,27.2,17.4,13.4,1.4,0.8,12.3,25.8,-1.5,0.9,-0.6,0.9,5.7
55,20,0.592,0.082,0.333,7,17.6,12.6,8.4,1.4,3.4,11,22.7,0.6,0.6,1.2,2,9
56,8.8,0.461,0.264,0.103,2.5,6.5,4.6,11.6,2.3,1,12.6,18.8,-2.8,0.2,-2.7,-0.2,0.4
57,15.2,0.499,0.002,0.195,9.7,21.5,15.7,7.1,1.7,4.6,9.9,17.2,-2.1,2.5,0.4,0.9,3.4
58,14.7,0.506,0.348,0.245,3.1,9.9,6.6,9.5,3,0.9,9.4,23.4,0.7,-0.4,0.3,1.1,3.9
59,10,0.416,0.384,0.197,5.7,13.5,9.6,8.6,2.7,0.6,7.7,12.7,-1.8,1,-0.8,0.3,1.1
59,10.2,0.432,0.406,0.223,4.6,12.1,8.2,8.4,2.6,0.7,6.8,13.6,-1.6,0.7,-0.9,0.2,0.8
59,9.1,0.283,0.217,0,11.3,20.3,16.2,9.4,3.3,0,14.8,8.6,-2.7,2.6,-0.1,0.1,0.2
60,11.8,0.555,0.424,0.165,1.5,7.9,4.6,18,1.5,0.8,16.5,18.1,0,-2.7,-2.7,-0.2,0.8
60,12.1,0.562,0.419,0.172,1.4,8.1,4.7,17.8,1.5,0.6,16.2,18,0.2,-2.7,-2.5,-0.1,0.9
60,5.6,0.385,0.538,0,3,3,3,23.1,1.3,6,23.5,19.6,-5.8,-0.5,-6.3,0,0
61,13.5,0.523,0.164,0.281,4.1,9.4,6.7,14.6,2,1.3,15.5,22.5,-1.4,-0.8,-2.2,0,1.3
62,8.8,0.452,0,0.514,9.4,22.1,15.5,4.7,1.2,2.9,15,9.1,-5.1,1.6,-3.5,-0.1,0.4
63,13.1,0.493,0.247,0.219,3.5,8.7,6,12.8,2.2,0.8,10.6,22.2,-0.9,-1.3,-2.1,0,1.2
64,23,0.57,0.255,0.392,2.5,13.1,7.9,29.7,1.8,0.6,13.3,31.9,5.2,-0.5,4.7,5.1,10.9
65,12.6,0.516,0.424,0.22,3.3,13,8,8.3,1.4,1.1,9.9,20.5,-0.7,-1.1,-1.8,0,0.7
66,11.5,0.507,0.237,0.332,3.8,11.2,7.5,13,1.6,0.9,14.3,20.7,-1.4,-1.3,-2.7,-0.2,1
67,12.4,0.535,0.458,0.125,2.6,11.4,7.1,6.5,1.4,0.5,8.7,20.2,0.3,-1.9,-1.6,0.2,3.6
68,15.2,0.574,0.205,0.455,7.2,10.4,8.8,8.6,2,1.1,9.2,14.6,0.9,1,1.9,2.1,7
69,16.6,0.532,0.141,0.243,2.6,6.6,4.6,34.8,2,0.3,17.3,27,0.8,-3.2,-2.4,-0.1,1.7
70,18.8,0.616,0.444,0.126,1.1,8.6,4.8,39.8,1.4,0.3,15.8,17,3.7,-3.3,0.4,1.3,7.4
70,19.2,0.594,0.462,0.131,1.3,8.7,5,43.7,1.2,0.4,15.1,18.1,4.1,-3.7,0.4,0.8,4.4
70,18.2,0.654,0.414,0.118,0.8,8.5,4.5,34.1,1.8,0.2,17,15.4,3.2,-2.9,0.3,0.5,3
71,8.6,0.342,0,0.358,10.9,27.1,18.7,8.1,1.5,4.8,19.6,14.3,-6.6,3.4,-3.2,-0.1,0
72,15.5,0.535,0.216,0.302,9.1,10.8,9.9,8.7,2.8,1.7,8.5,16.4,1.4,0.7,2,1.1,3.1
74,17.8,0.571,0.467,0.261,3.1,14.4,8.9,15,1.8,1.6,10,23.1,3.3,-0.4,2.9,2.6,6
75,12.9,0.486,0.475,0.256,4.4,22.7,13.1,8.8,2.6,1.9,11,17.7,-1.8,0.1,-1.7,0,0.7
76,13.3,0.576,0.569,0.212,1.2,8.6,5.1,19.4,3,0.5,17.1,16.1,1.3,-0.2,1.1,1.6,5.2
77,18.9,0.671,0,0.645,14.1,24.3,19,4.5,1,3,14.5,13,1.7,1.8,3.5,3,9.3
78,16.6,0.556,0.277,0.244,4.8,17.6,11.3,8.3,2.1,0.9,10.6,22.7,1.2,-0.5,0.7,0.7,3.1
79,7,0.32,0.143,0.095,7,10.7,8.9,7.3,1.1,1.5,0,10.1,-3.8,0.3,-3.5,0,0.1
80,12.4,0.51,0.269,0.197,6.8,19.1,13.1,7.4,1.3,2.3,12.9,15.7,-2,1,-0.9,0.4,2.3
81,7,0.462,0.46,0.159,4.4,12.8,8.5,7.9,1.7,1.1,17.5,13.9,-3.3,0,-3.3,-0.3,-0.1
82,7.9,0.483,0.231,0.188,1.5,8.2,5,15.2,1.9,0.4,18.4,17,-3.4,-1.1,-4.5,-1,0.6
83,3,0.476,0,1.103,6.9,11.3,9.2,2.9,1.6,2.1,29.5,7.5,-5.3,1.9,-3.4,-0.1,0.4
83,3,0.511,0,1.304,7.8,10.8,9.3,2.5,1.6,1.4,30.7,7.5,-4.8,1.4,-3.5,-0.1,0.3
83,2.9,0.291,0,0.333,2,14.5,8.2,5.2,1.9,5.9,22.5,7.5,-8.4,5.3,-3.1,0,0
84,16.3,0.575,0.188,0.38,1.5,8.7,5.1,26.8,2.2,0.3,17,19.6,1.1,-0.9,0.2,1.3,5.6
85,13.6,0.624,0.014,0.264,9.6,14.2,12.1,11.3,1.7,1.4,17.3,11.5,1,1.4,2.4,1.8,5.2
86,18.3,0.549,0.312,0.3,1.8,7.9,4.8,29.5,3.4,0.7,15.1,21,3.1,1.1,4.1,4.3,9.9
87,-15.2,0.051,0.333,0.222,5.5,0,2.9,0,0,0,0,22.1,-15.9,-6.8,-22.8,-0.1,-0.2
88,5.8,0.398,0.545,0.072,1.8,14.1,7.9,6.7,0.9,1.2,8,19.2,-4.8,-2.2,-7,-0.6,-0.2
88,8.8,0.456,0.508,0.051,3.5,8.8,6.2,9.1,1.8,0.9,9,17.6,-2,-1.4,-3.4,-0.1,0.1
88,4,0.366,0.565,0.083,0.8,17.3,8.9,5.2,0.4,1.4,7.4,20.1,-6.4,-2.7,-9.2,-0.5,-0.3
89,16.8,0.583,0.368,0.218,4.5,11.9,8.1,5.7,1,1.2,10.7,25.3,1,-3.2,-2.2,-0.1,2.1
90,20.2,0.524,0.021,0.408,10.9,27,18.7,15.3,2.4,1.9,15.5,28.1,0,1,1,1.7,4.4
91,16.8,0.558,0.39,0.244,1.2,5.6,3.4,14.4,1.9,0.5,11.5,26,2,-2.6,-0.6,0.8,5.4
92,13.8,0.512,0.339,0.219,2.9,10.9,6.9,23.5,1.2,0.3,15.1,25.3,-0.1,-1.5,-1.6,0.2,1.9
92,14.7,0.512,0.337,0.209,3,10.3,6.6,25.5,1.2,0.4,14.9,26.4,0.5,-1.4,-0.9,0.3,1.4
92,12,0.512,0.346,0.244,2.7,12,7.5,19.4,1.1,0.3,15.5,23.1,-1.4,-1.6,-3.1,-0.2,0.5
93,10.2,0.491,0.523,0.199,2.9,12.3,7.7,10,2.4,1,10.9,15.1,-0.9,0.4,-0.5,0.5,1.5
94,13.3,0.485,0.009,0.154,7.8,15.6,11.6,5.7,2.2,1.5,7.3,17.2,-2.1,1.1,-0.9,0.5,3.5
95,14.8,0.538,0.214,0.143,4.4,8.4,6.4,6.8,2,0,11.8,29.6,-1.8,-4.5,-6.3,0,0
96,-0.2,0.461,0,0.5,9.1,8.7,8.9,0,0,0,23.5,23.3,-9.6,-6.5,-16.1,-0.1,-0.1
97,21.3,0.589,0.432,0.21,2.3,9.1,5.8,31.1,2.1,0.3,13.7,26.4,6.3,-0.9,5.4,5.6,11.2
98,18.6,0.565,0.004,0.217,14.2,24.9,19.4,4.5,1.1,5.1,15.5,18.7,-2.3,1,-1.2,0.1,2.2
99,9.2,0.432,0.205,0.154,4.6,10.5,7.4,9,2.4,0.7,10.7,16.9,-3.4,0.1,-3.3,-0.4,0.5
100,21.7,0.559,0.009,0.333,10.5,23.5,16.8,6.1,2.2,5.1,10.3,21.8,0.5,1.9,2.3,2,6.1
101,17.8,0.561,0,0.346,10.9,22.8,16.7,6.7,1.2,4.2,10.2,17.6,-0.8,1.6,0.8,1.1,5.4
101,18.1,0.57,0,0.301,10.2,22.8,16.4,8.8,1.2,2.8,10.5,18.3,0,1,1,0.8,3.3
101,17.2,0.539,0,0.455,12.1,22.8,17.4,2.4,1.3,7.1,9.5,16.1,-2.5,2.9,0.4,0.3,2.1
102,15,0.483,0.004,0.245,5.8,20.3,13.1,11.3,1.6,1.5,10.8,25.4,-2.8,-0.2,-3,-0.3,0.8
103,12.9,0.554,0.471,0.163,2.7,18.8,10.6,10.1,1.1,2.6,11.5,17.1,-0.8,0.1,-0.7,0.2,1.6
103,12.6,0.581,0.412,0.186,3.2,17.9,10.4,9.6,0.8,1.8,11,15.4,-0.5,-1.1,-1.6,0,0.8
103,13.3,0.529,0.523,0.144,2.1,19.8,10.8,10.6,1.5,3.5,11.9,18.8,-1.1,1.4,0.3,0.2,0.9
104,11.1,0.53,0.34,0.183,3.1,13.7,8.7,21.6,2.3,0.5,23.7,17.1,-2.1,1,-1,0.2,1.3
105,13.3,0.549,0.679,0.09,1.2,13.4,7.4,12.5,2,0.4,10,18.6,1.7,-0.6,1.2,1.3,3.5
106,15.1,0.508,0.213,0.258,6.3,12.6,9.4,13.2,1.5,0.8,10.6,21.5,0.6,0.4,1.1,2.2,6.3
107,-19.4,0,0,0,0,0,0,0,0,0,0,22.8,-21.4,-6.5,-27.8,0,0
108,14.7,0.523,0.097,0.347,1.9,10.9,6.3,12,1.3,0.6,9.6,24.2,-0.5,-1.4,-1.9,0.1,4.7
109,11.9,0.603,0.235,0.196,4.7,12,8.6,15,1.6,1.1,18.9,12,-0.1,1.9,1.8,1.6,4.4
110,6.6,0.292,0.037,0.037,4.9,21.4,12.9,8.5,1.2,5.7,22.6,7.1,-7.1,3,-4.1,-0.1,-0.1
111,11.2,0.644,0.571,0.333,0,1.5,0.7,15.6,0.7,0,17.2,16.4,-0.1,-4.5,-4.7,-0.1,0.2
112,13.4,0.531,0.464,0.18,3,9.2,6.1,18.3,2.8,0.2,13.9,19.9,0.8,-1.1,-0.3,0.6,2.4
112,12.3,0.522,0.46,0.193,2.9,8.2,5.6,16,2.2,0.2,12.8,21,0.3,-1.4,-1.1,0.2,1.5
112,16,0.558,0.474,0.14,3.3,11.6,7.3,23.8,4.2,0.2,17.1,17.3,2,-0.2,1.8,0.4,0.9
113,8.3,0.462,0.286,0.714,0,8.7,4.4,8.9,1.6,0,5.2,14,-3.2,-1.8,-5,0,0.1
114,17.5,0.54,0.305,0.36,2.6,8,5.2,35.7,2.5,0.8,16.8,21.7,2.6,-1.2,1.4,2.2,5.7
115,21.6,0.578,0.006,0.465,15.4,27.2,21.2,4.1,2.5,6.1,12.2,17.2,-0.3,2.6,2.4,1.4,4.5
116,14.9,0.582,0.405,0.242,4.1,8.9,6.4,14.9,1.8,0.3,12,17.2,2.1,-1,1.1,1.7,4.8
117,8,0.517,0.74,0.106,1.5,7.5,4.6,22.8,1.2,0.1,23.7,9.2,-1.7,-1.7,-3.5,-0.3,1
118,24.4,0.554,0.007,0.307,7.3,29.6,19.1,15.5,1.2,6.4,11.7,27.8,-0.5,4.6,4.1,3.2,8.3
119,13.6,0.577,0.479,0.205,1.7,14.9,8,11.5,1,1.3,11.7,17.3,0.5,-0.6,-0.1,0.9,4.4
120,28.3,0.647,0.233,0.523,1.8,20.3,11.8,21.7,1.9,2.6,13.7,29.8,6.2,1.4,7.7,7.6,18.9
121,6.3,0.411,0.301,0.192,5.7,16.9,11.5,7.8,0.8,0.4,12.2,20.4,-5.3,-2.2,-7.6,-0.3,-0.1
122,12.2,0.546,0.454,0.142,1.7,10.3,5.8,10.1,1.4,0.1,9.2,16.8,0.2,-1.6,-1.4,0.3,3.2
122,9.8,0.529,0.487,0.08,0.9,8.4,4.5,9.9,1.3,0.1,10.4,15.7,-0.9,-1.1,-1.9,0,1.3
122,13.9,0.556,0.433,0.179,2.2,11.6,6.7,10.3,1.5,0.2,8.5,17.6,1,-2,-1,0.2,1.9
123,16.2,0.493,0.228,0.26,1.5,9.8,5.5,27.1,2.8,0.9,13.7,26.3,0.8,0,0.8,2.2,4.6
124,7.9,0.477,0.446,0.259,2.2,8.4,5.2,9.8,2.1,0.6,13.2,16.1,-2.5,-1.6,-4.2,-0.2,0.2
125,19.9,0.641,0.023,0.75,14,17.6,15.8,8,2,4.8,12,14.1,1.6,2.1,3.7,0.3,0.9
126,12.8,0.506,0,0.851,15.5,38,26.7,3.2,2,0.5,23.6,11,-3.2,1.3,-1.8,0.1,4.3
127,18.1,0.558,0.174,0.354,3.1,13.5,8.2,19,2.3,1,12.6,22.3,1.9,-0.6,1.3,1.7,4.4
128,9.3,0.467,0,0.479,14.3,16.4,15.4,2.7,1,5.2,23.5,10.7,-4,2.6,-1.4,0.2,1.5
129,18.5,0.573,0,0.386,13.2,23.2,18.3,5.1,1.8,2.9,12.3,17.7,0.8,1.5,2.2,2.4,7.8
130,17.5,0.533,0.009,0.458,11.9,24,17.9,6.8,2,5.7,15.9,20.6,-1.7,2.7,1.1,1.4,4.4
131,15.2,0.505,0.293,0.145,2.5,7.5,4.9,27,2.2,0.5,14.2,22.1,1.1,-0.9,0.3,1.3,4.2
132,10.3,0.487,0.063,0.238,6.7,17.4,11.9,8.9,1.6,0.6,14.6,12.9,-2.6,0.7,-1.9,0,1.1
133,7.7,0.492,0.497,0.236,0.4,6.6,3.6,11.7,1.7,0.4,14.4,16.4,-2.1,-2,-4.1,-0.3,0.4
133,8.7,0.513,0.354,0.354,0,7.2,3.6,19.5,1.1,0.7,19.3,18.5,-2.7,-2.4,-5.1,-0.2,0.1
133,7,0.478,0.594,0.156,0.7,6.2,3.6,6.6,2.1,0.2,10.5,15.1,-1.8,-1.7,-3.5,-0.1,0.3
134,13.8,0.597,0.355,0.257,1.6,7.4,4.6,15.5,2.2,0.2,15.9,20.4,1,-2,-0.9,0.1,1
135,11.7,0.55,0.588,0.195,0.9,5.8,3.3,11.7,1.5,0.9,10.3,18.1,1.7,-2.1,-0.3,0.9,3.7
136,14.6,0.546,0.381,0.242,2.2,6.4,4.2,15.9,1.6,0.2,13.1,23.9,0.7,-4.3,-3.6,-0.4,1.1
137,9.3,0.435,0,0.19,9.6,19.5,14.5,4.3,1.4,1.7,11,16.6,-5.3,-0.9,-6.2,-0.5,0.2
138,16.7,0.561,0.416,0.4,3.2,14.4,8.9,11.2,1.4,1.2,9.8,21.3,2.7,-0.4,2.3,2.5,7.2
139,11,0.519,0.597,0.07,0.9,9.4,5.1,9.2,2.3,2.9,9.4,14.7,-0.5,0.1,-0.4,0.4,1.3
139,10.5,0.488,0.532,0.068,1.1,10.1,5.5,9,2.3,3.4,8.7,14.5,-1.1,0.2,-0.9,0.2,0.6
139,12.2,0.586,0.737,0.074,0.4,7.7,4.1,9.5,2.2,1.7,10.9,15.1,0.9,-0.3,0.6,0.2,0.7
140,19.2,0.535,0.019,0.236,4.5,25.8,15.5,14.4,2,2.4,10.5,24.5,-1.2,2.3,1,1.5,5.6
141,9,0.375,0.306,0.204,3.7,7.8,5.7,31.3,3.4,0,23.1,20.7,-4.7,-1.5,-6.2,-0.2,-0.2
142,19.5,0.559,0.016,0.364,7.6,18.9,13.1,19.1,1.6,4.1,13.5,19.2,1.7,4.4,6.1,5.7,11.5
143,16.7,0.512,0.048,0.307,7.6,20.1,14,19.9,0.7,2.7,13.7,20.5,-0.4,1.9,1.5,1.5,3.7
144,15.6,0.494,0.208,0.235,4.3,16.3,10.2,13.6,2.3,1.6,12.5,27.2,-0.5,0.9,0.5,1.7,4
144,14.1,0.478,0.188,0.227,4.2,15.1,9.5,12.4,2,1.7,12.1,25.7,-1.2,1.3,0.1,0.8,2.4
144,17.6,0.513,0.232,0.246,4.4,17.8,11,15.3,2.6,1.5,13.1,29.1,0.4,0.4,0.9,0.8,1.6
145,10.5,0.505,0.294,0.276,3.3,11.7,7.3,8.2,2.2,0.9,13.7,16.9,-1.4,-0.1,-1.5,0.3,1.9
146,11.8,0.605,0.374,0.173,5.5,12.3,8.8,6.4,1.3,0.5,9.7,11.5,-0.1,0,-0.1,0.3,1.5
147,16.8,0.531,0.399,0.233,3.4,19,11.3,19.6,2.6,1.3,15.2,23.5,1.8,2.9,4.7,5,9
148,7.7,0.475,0.66,0.15,0.6,7.3,3.8,13.4,1.7,0.4,10.5,14.3,-1.1,-2.3,-3.4,-0.3,0.5
149,14.4,0.518,0.009,0.297,9.7,17.5,13.6,7.1,1,4.7,13.2,18.1,-2.6,2.1,-0.5,0.5,3.3
150,19,0.56,0.436,0.382,2.6,13.4,8.3,30.6,2.9,0.7,17.3,25.2,2.8,1,3.7,2,4.5
151,7.7,0.382,0.082,0.262,8.9,13.3,11,6.1,1.7,2.9,11.7,22.2,-6.5,-0.7,-7.2,-0.2,-0.1
152,12.7,0.515,0.384,0.167,1.3,8.5,4.8,17.6,1.2,0.8,14.3,27.8,-0.4,-4.7,-5.1,-1.2,-0.6
153,15.4,0.523,0.296,0.38,0.9,6.4,3.6,19.3,1.9,0.5,14.6,29.4,0.8,-3.3,-2.6,-0.2,1.1
154,15.4,0.543,0.005,0.244,7.6,24,15.6,6.5,1.1,3.9,13.6,17.2,-2.4,1.8,-0.6,0.7,3.4
155,-6.4,0,0,0,18.9,0,9.2,0,0,0,0,14.8,-12.2,-5.8,-18,0,0
156,4,0.35,0.286,0.229,4.6,8.9,6.8,6.9,1.4,1,9.4,26.2,-7.2,-2.4,-9.6,-0.1,-0.1
157,9,0.544,0,0.489,10.9,20,15.4,9.9,0.7,0.8,24.8,13.1,-3,0.1,-2.9,-0.1,0.5
158,14.1,0.6,0.623,0.119,2,10.3,6.4,9.5,2.1,1.8,11.9,16.6,2,1.3,3.3,2.9,5.9
159,7.1,0.404,0.261,0.214,6.2,20.3,13.5,7,2,1.8,15.4,14,-4.8,1.7,-3.1,-0.3,0.6
160,9.9,0.465,0.443,0.153,3.3,11.1,7.3,7.9,0.9,1.6,10.5,21.3,-2.6,-0.9,-3.5,-0.4,1.3
161,15,0.561,0.226,0.329,3,13.4,8.3,9.6,1.3,2.4,12.5,22.2,-0.9,0.1,-0.8,0.7,4.7
162,11.8,0.562,0.43,0.083,1.7,7.9,4.9,7.1,1.3,0.8,7.2,16.6,0.3,-1.8,-1.5,0.2,2.5
163,22.4,0.572,0.026,0.397,8.7,21.5,15.2,19.9,2,1.6,12.8,25.4,2.9,1.9,4.8,4.5,10.6
164,10.2,0.447,0,0.329,15,24.7,19.8,5.7,1,6.4,24.8,17.4,-6.2,2.5,-3.7,-0.1,0.1
164,7.4,0.343,0,0.095,13.3,19.4,16.3,6.9,0.6,5.7,15.5,13.7,-5.9,3.1,-2.7,0,0.1
164,11.2,0.479,0,0.41,15.6,26.7,21,5.2,1.1,6.7,27.3,18.7,-6.4,2.3,-4,-0.1,0
165,16.9,0.49,0.363,0.129,9.2,17.4,13.4,9.2,1.9,1.6,8.2,25.3,0.6,-1.6,-1,0.1,0.8
166,10.6,0.481,0.109,0.162,1.7,7.2,4.4,19.9,1.2,0.3,14.2,25,-3.1,-2.4,-5.5,-1,0.4
167,7.2,0.501,0.511,0.6,1.1,8.8,5,16.1,1.9,0.7,24,17.1,-4,-0.4,-4.4,-0.1,0.2
168,15.3,0.527,0.007,0.737,13.4,17,15.2,4.4,1.1,1,12.6,20.6,-2,-0.8,-2.9,-0.3,4.4
169,23,0.6,0.364,0.592,2.4,11.9,7.2,25.7,2.4,1,14.9,29,5.4,0.1,5.5,5.7,12.8
170,12.5,0.504,0.207,0.227,7,12.2,9.6,3.9,2.3,2.4,10,15.9,-1.8,0.7,-1,0.5,2.4
171,8.5,0.506,0.556,0.222,12.6,15,13.9,0,1.7,2.6,23.3,19.9,-5.1,-4.5,-9.6,-0.1,0
172,10.3,0.434,0.526,0.07,5.7,19.9,12.8,13.7,1.8,0.6,10.6,25.1,-1.7,-2.1,-3.8,-0.1,0
173,14.6,0.565,0.519,0.348,0.5,8.7,4.7,21.7,2.3,0.7,14.7,19.5,0.9,-0.9,-0.1,0.7,3.3
174,-3.8,0.239,0.296,0.37,3.8,19.3,11.4,9,0.8,1.8,35.1,16.6,-11.7,0,-11.7,-0.3,-0.6
174,7.2,0.434,0.125,1,18,20.1,19.1,9.5,0,0,25.8,25.6,-6.9,-3.6,-10.5,-0.1,0
174,-6.8,0.126,0.368,0.105,0,19.1,9.4,8.9,1,2.3,39.5,14.2,-13,0.9,-12,-0.3,-0.6
175,16,0.527,0.211,0.268,6.2,18.6,12.4,8.8,1.3,2.6,10.3,22.1,-0.7,-0.1,-0.8,0.4,2.4
175,13,0.538,0.183,0.226,5.4,13.7,9.4,6.4,1.2,1.6,12.5,19.4,-2.5,-1.4,-4,-0.2,0.5
175,17,0.524,0.219,0.28,6.5,20.2,13.3,9.6,1.3,2.9,9.7,23.1,0,0.3,0.2,0.6,1.9
176,9.9,0.535,0,0.179,9,25.3,17.6,3.8,1.1,0.9,14.2,10.7,-2.9,0,-2.9,-0.3,3.2
177,16,0.514,0.107,0.194,8.5,21.7,14.9,13.5,0.6,3.9,13,20.9,-1.5,1.5,-0.1,1.1,4.5
178,10.7,0.469,0.005,0.253,10.5,18.2,14.2,13.1,1.3,1.2,17.2,9.4,-1.5,0.8,-0.7,0.4,1.5
179,16.8,0.564,0.318,0.38,2.8,9.8,6.3,16.7,1.5,1.4,11.7,22.1,2.4,-1.2,1.3,1.7,5.4
180,11.2,0.396,0.4,0.6,0,15.2,7.4,14.2,3.3,0,0,18.3,-2.5,-0.4,-2.9,0,0.1
181,8.7,0.441,0.005,0.306,12,16.7,14.3,3.9,0.7,3.4,16.9,11.5,-4.3,-0.3,-4.6,-0.8,0.1
182,16.4,0.531,0.117,0.366,2.9,10.8,6.7,15.6,1.7,1.3,9.8,23.5,0.5,-2.1,-1.6,0.2,3.3
183,7.6,0.481,0.068,0.571,3.9,13.4,8.6,3.2,1.4,0.7,13.3,17.3,-4.6,-2.1,-6.6,-0.7,0
184,18.2,0.497,0.009,0.313,14.5,24.4,19.3,6.3,1.2,3.7,11,22.6,-2.6,-0.2,-2.9,-0.2,1.9
185,17.3,0.489,0.005,0.261,14.8,17.4,16.1,8.9,0.9,6.7,14.5,22.5,-1.9,3.8,1.9,2.2,6.1
186,19.7,0.591,0.003,0.36,13.2,28.5,20.7,6.6,1.1,1.7,14.4,19.9,-0.2,0,-0.3,1,6.9
187,12.6,0.352,0.263,0.105,3.5,7.4,5.4,29.8,4.9,0,0,28.3,0.1,-2.7,-2.7,0,0
188,17,0.538,0.002,0.453,6.7,20.6,13.6,19,1.7,1.8,16.3,23.4,-1.1,2.3,1.3,1.4,4
189,16.6,0.558,0.405,0.245,2,9.9,6,23.4,1.6,0.7,10.7,18.8,2.8,0.3,3.1,3.4,9.7
190,4.8,0.428,0.112,0.245,1.7,11.5,6.7,8.3,1.3,1.3,18.7,14,-5.5,0.2,-5.3,-0.4,-0.1
191,18.5,0.533,0.013,0.394,20.3,19.7,20,4.7,0.9,3,12.5,20.2,-0.7,-0.9,-1.6,0,1.4
192,10.8,0.493,0.431,0.232,1,9.3,5.1,27.5,1.9,1.1,17.5,14.7,-1.1,-0.2,-1.2,0.3,3.1
193,16.7,0.496,0.192,0.188,3.3,9.5,6.4,36.5,2.2,0.9,17.3,26.6,1,-0.4,0.6,1.9,3.3
194,7.6,0.408,0.333,0.167,0,11.5,5.6,16,1.1,3.3,14.9,19.6,-6,-0.7,-6.7,-0.2,-0.1
195,11.3,0.674,0,0.772,9.1,15.7,12.5,2.4,0.5,4.3,22.4,13.6,-2.2,0.3,-1.9,0,1.7
196,1.9,0.337,0.182,0.182,10.5,25.8,18,9.1,0,2.4,29.6,23.4,-11.1,-2.1,-13.2,-0.1,-0.1
197,19.8,0.56,0.006,0.196,8.2,23,15.7,15.3,1.5,2.2,11.3,21.8,0.7,2.4,3.1,3.5,8.8
198,19.4,0.573,0.007,0.887,10.4,27.4,19.1,6.6,1.6,4.9,16.6,22.2,-1.5,2.8,1.3,2.3,7.6
199,9.5,0.45,0.208,0.156,4.8,15.4,9.9,3.2,2.5,1.1,10.8,20,-4.6,-0.6,-5.2,-0.2,0
200,9.9,0.54,0,0.053,0,18.3,9.7,19.8,0,0,17.1,22,-4.7,-3,-7.7,-0.1,0
201,13.6,0.515,0.006,0.397,12.4,23.9,18.1,4.3,0.7,2.1,13.5,16.3,-2.5,-0.2,-2.7,-0.2,2.7
202,19.4,0.612,0.073,0.246,11.1,17,14.2,2.8,0.6,7.4,12.7,18.1,0.2,1.9,2.1,2.6,9.4
203,15.2,0.52,0.327,0.307,3.4,13.5,8.5,22.4,2.5,1.5,17.1,18.8,1.4,1.8,3.2,3.7,5.6
204,18.3,0.552,0.267,0.196,7.9,20.3,13.9,9.6,1.7,1.3,7.9,20.5,1.7,0.1,1.8,1.9,6.7
205,21.4,0.553,0.261,0.271,1.8,10.8,6.1,32.7,2.3,0.8,13.8,30.2,4.9,-1.6,3.3,2.8,5.3
206,8.1,0.563,0.611,0.111,2.5,6.8,4.6,6.7,1.7,0.3,11.7,11.3,-1.6,-1.1,-2.6,-0.1,1
207,15.9,0.542,0.237,0.231,1,10.1,5.7,29.9,1.3,0.4,14.3,21,1,-1.4,-0.4,1,5.6
208,14.2,0.531,0.32,0.191,2.6,15.6,9.6,19.3,1.5,1,13.1,18.6,-0.3,-0.6,-0.8,0.3,2.5
209,8,0.473,0.515,0.212,2.5,13.5,8.3,10.7,1.8,0.9,17.6,18.7,-3,0.6,-2.4,-0.1,0.3
210,14.7,0.541,0.019,0.398,12.9,18.9,16,1.9,1.3,6.5,12.9,13.9,-2.8,1.6,-1.2,0.1,1.2
212,31.6,0.64,0.188,0.395,4.4,20.8,13.1,36.4,2.4,1.9,12.4,30.2,9.2,2.4,11.6,9.8,19.3
213,9.5,0.481,0.461,0.107,1.2,8,4.7,23.7,1.5,0.3,16.2,17.9,-1.3,-2.2,-3.4,-0.3,0.4
214,15.3,0.561,0.405,0.237,7.5,16.6,12.2,5,0.9,1,7.7,18.7,0.7,-1.8,-1.1,0.4,4.3
215,20.9,0.522,0.014,0.176,7,25.9,16.3,12,1.6,2.7,7.3,25.3,0.5,1,1.5,2.2,7.7
216,10.3,0.552,0.331,0.39,1,14.9,8.1,8,1.3,1,12.6,14.4,-2.6,-0.3,-2.9,-0.1,1
217,2.4,0.343,0.037,0.426,8.5,11.4,10,5.6,0.9,1.3,21,10.6,-6.1,0,-6,-0.4,-0.3
218,7.5,0.425,0.017,0.182,2,6,4,14.8,1.8,0.4,13.8,15.5,-5.4,-1.4,-6.8,-0.5,0
218,6.9,0.445,0.024,0.217,2,5.9,4,14.4,1.6,0.3,17.3,16.9,-5.6,-1.6,-7.2,-0.4,-0.1
218,8.6,0.377,0,0.105,2.2,6.2,4.1,15.7,2.1,0.5,4.8,12.8,-5,-1,-5.9,-0.1,0.1
219,13,0.576,0.469,0.238,2.2,9.6,6,9.8,0.7,0.8,11,18.7,-0.5,-2.3,-2.8,-0.2,1.7
220,16.1,0.51,0.37,0.225,2.1,7.2,4.6,29.1,2.2,0.3,12.9,23.7,2.4,-1.5,0.9,2.1,5.8
221,15.7,0.531,0.263,0.278,8.6,15.4,11.9,8.1,2.3,0.7,10.6,20.2,0.4,-1,-0.6,0.3,2
222,17.3,0.591,0.021,0.309,11.4,20,15.6,8.7,1.8,3.8,14.5,16.1,0.7,2.8,3.5,3.2,7.3
223,18.4,0.65,0,0.453,7.8,16.6,12.1,4.9,1.3,7.6,12.6,16.2,-1.2,3.1,1.9,0.3,1
224,10.7,0.56,0.72,0.08,5.7,7.1,6.4,3.1,2.1,0,10.4,13.1,0.4,-0.7,-0.3,0,0.2
225,15.7,0.546,0.037,0.368,8.5,20.7,14.7,7.4,2.8,1,14.7,21.7,-2.7,0.6,-2.1,0,2.3
226,10.2,0.442,0.074,0.237,6.2,12.9,9.5,10.2,2.4,4.5,17.9,19.3,-4.5,1.5,-3,-0.2,-0.5
227,14.1,0.521,0.375,0.153,2.4,7.4,4.9,16.7,1,0.4,9.9,21.7,1.9,-1.7,0.3,1.5,5.1
228,11.4,0.523,0.522,0.178,3.7,15.9,9.9,12.5,0.9,1.1,13,16.4,-1.2,0.1,-1.2,0.1,1.5
229,10.3,0.485,0.391,0.088,2.5,12.4,7.3,5.9,1.2,1.4,10.4,21.4,-2.6,-2.3,-4.9,-0.7,0
230,-6.7,0,0.25,0,18.9,53.7,36.7,21.7,0,0,0,29.7,-16.7,-0.9,-17.6,0,-0.1
231,6.4,0.482,0.221,0.509,2.7,8.4,5.6,6.7,1.1,0.5,12.3,14,-3.8,-1.2,-5,-0.8,0.6
231,6.9,0.494,0.264,0.586,2.3,9.8,6.1,6.1,0.8,0.6,11.1,14.2,-3.3,-1.5,-4.8,-0.4,0.4
231,5.4,0.46,0.146,0.378,3.4,5.9,4.7,7.6,1.6,0.2,14.3,13.6,-4.6,-0.7,-5.3,-0.3,0.1
232,8.4,0.485,0.161,0.234,2.4,12.4,7.4,3,1.2,2.1,11.1,15.3,-5.1,-1.1,-6.1,-0.8,0.1
233,12.4,0.438,0.083,0.486,6,8.7,7.4,36.2,2.1,0.5,22.3,23,-2.9,-1.4,-4.2,-0.2,0
234,8.1,0.478,0.869,0.066,0,11.6,6.1,8.4,0.5,2.2,4.6,14.2,-1.4,-2.3,-3.7,-0.1,0.2
235,11.1,0.418,0,0.14,12.6,14.5,13.5,4.8,1.4,1.2,6.6,16.2,-3.4,-1.8,-5.2,-0.3,0.2
236,7.8,0.417,0.02,0.152,5.3,19.1,12.7,5.5,0.9,1.6,12.4,19.6,-7,-1.6,-8.6,-0.5,0
237,-5.7,0,0,0,4.4,9.3,6.8,0,0,3.3,75,7.2,-11.7,1.2,-10.5,-0.1,-0.1
238,17.1,0.512,0.202,0.181,11.6,15,13.4,8.6,2.2,5.2,11.4,18.1,-0.5,2.6,2.1,0.3,0.7
239,17.2,0.606,0,0.51,12.7,22.4,17.6,2.2,1.3,4.7,14.3,15.9,-0.8,1.1,0.3,1.2,6.2
240,13.5,0.528,0.191,0.191,3.8,11.3,7.7,20.2,2,0.7,15,16.6,-1.1,0.6,-0.5,0.1,0.9
241,0.6,0.257,0.214,0.571,2.3,12.9,7.7,2.8,3,0,10.2,17,-9.6,-0.9,-10.5,-0.1,-0.1
241,-3.2,0.274,0.182,0.364,5.1,19.1,12.3,6.2,0,0,13.6,29.1,-14.2,-5,-19.2,-0.1,-0.1
241,3.7,0.21,0.333,1.333,0,7.9,3.9,0,5.4,0,0,7.3,-5.9,2.4,-3.5,0,0
242,16.3,0.529,0.002,0.138,8.1,22.1,15.2,6.6,1.1,3,13.6,25.3,-3.2,-0.5,-3.7,-0.6,1.6
243,17.6,0.588,0.003,0.309,14.5,18.6,16.5,5,1.4,2.3,19,22.4,-0.9,-1.2,-2.1,0,2.3
244,13.5,0.532,0.795,0.117,2.8,16.2,9.3,17.8,3.3,1.1,15,11.6,1.7,2.7,4.4,3.3,5.4
245,14,0.506,0.015,0.305,7.2,18.9,12.9,10.1,1.4,2.8,12.7,17.9,-2.3,0.1,-2.2,-0.1,2.1
246,17.6,0.59,0.214,0.446,5.6,15.1,10.2,14.4,2.4,2.4,15.1,17.4,1.4,2.8,4.2,3.2,6
247,8.2,0.46,0.458,0.264,3.1,13.5,8.2,6.9,0.6,0.4,8,21.6,-2.3,-3.4,-5.7,-0.3,0.1
248,12,0.511,0.372,0.256,2.6,9.6,6,21.3,1.3,0.3,17.3,22.8,0,-2.1,-2.1,-0.1,1.1
249,13.9,0.637,0.689,0.13,1.2,13.5,7.4,9.9,1.6,1.3,9.9,14.5,2.1,0.5,2.7,2.7,6.4
250,17.2,0.585,0.002,0.205,13.3,21.2,17.3,2.6,1.2,4.4,8.7,14.5,0.4,1.1,1.5,1.6,6.5
251,14.4,0.618,0,0.804,12.1,11,11.6,6.6,1.2,3.2,18.4,15.5,-0.7,-0.1,-0.9,0.1,0.4
252,4.8,0.433,0.227,0.209,1.5,7.4,4.4,8.2,1.2,0,12.7,15.7,-5.2,-2.3,-7.5,-0.8,-0.4
252,3,0.384,0.168,0.158,1.1,5.6,3.3,10.6,1.3,0,13.6,18.3,-6.7,-2.6,-9.3,-0.5,-0.4
252,6.5,0.498,0.309,0.279,1.9,9.1,5.5,5.8,1.1,0,11.6,13.2,-3.8,-2,-5.8,-0.3,0.1
253,11.2,0.479,0.441,0.206,4.2,9.4,7,5.4,0.7,1,7.5,24.8,-2.3,-4.8,-7.1,-0.2,0.2
254,17.5,0.605,0.005,0.453,10.9,17.3,14.2,5.6,0.9,1.3,13.7,20,0,-0.7,-0.7,0.6,6.2
255,17.9,0.549,0.239,0.32,1.6,7.1,4.4,30.2,2.1,0.2,14.1,22.3,3,-1.5,1.4,2.2,7.4
256,11.7,0.545,0.294,0.136,1.9,9.4,5.8,11.7,2.4,0.9,13,15.7,-1.1,0.8,-0.3,0.8,3.3
257,19.2,0.561,0.003,0.276,8.5,24.5,16.8,16.5,1.2,0.6,13.7,23.2,1.1,1.5,2.5,3.3,9.1
258,9.8,0.46,0.316,0.263,5.8,9.8,7.7,10.7,2.1,1.6,10.5,14.7,-1.8,0.9,-0.9,0.1,0.4
259,16.4,0.592,0.331,0.24,4.3,17.1,11.1,7.7,2.7,1.3,9.6,16.4,1.4,2.5,3.9,2.7,6.2
260,12.1,0.596,0.025,0.321,7.6,17.1,12.3,4.3,0.5,2.4,13.4,13.9,-2.2,-0.5,-2.6,-0.2,2.4
261,10.4,0.485,0.058,0.25,7.9,15.5,11.6,6.8,1.7,0,12.2,15.9,-3.3,-1.1,-4.4,-0.1,0.2
261,3.3,0.359,0.107,0.214,6.1,10.7,8.3,8.5,1.1,0,14,17.5,-6.4,-2.6,-9.1,-0.2,-0.2
261,17.2,0.628,0,0.292,9.7,20.1,14.8,5.3,2.3,0,10,14.4,-0.2,0.3,0.1,0.1,0.4
262,11.1,0.53,0.526,0.181,3.1,15,9.4,5.7,1.4,1.4,10.9,18.2,-1.5,-1.7,-3.2,-0.2,1.2
263,9.4,0.528,0.404,0.383,5.5,14.7,10.5,7.2,3.2,0.8,20.3,10.8,-1.6,1.5,-0.1,0.1,0.6
264,16.4,0.546,0.391,0.249,1.5,8,4.7,28.8,1.2,0.5,14.5,24.2,2.7,-2.4,0.3,1.9,5.8
265,14.9,0.538,0.287,0.307,1.4,9.1,5.3,29.4,2.5,0.8,18.8,20.8,0.4,-0.1,0.3,1.5,5.4
266,13,0.536,0.012,0.283,2.4,10.4,6.2,23.2,1.7,1.7,16.3,14.3,-1.7,-0.1,-1.8,0.1,2.6
266,7.4,0.434,0.045,0.227,0.7,12.2,6.4,18.1,1.8,0.5,19,12.8,-5.5,1,-4.5,-0.2,0.2
266,14.6,0.559,0.004,0.296,2.8,9.8,6.2,24.6,1.7,2.1,15.7,14.7,-0.7,-0.4,-1.1,0.3,2.4
267,24.7,0.567,0.001,0.358,10.8,16.1,13.4,6.4,0.8,5.2,9.4,28.6,1.4,0,1.4,1.9,9
268,18.9,0.573,0,0.288,12.4,13.4,12.9,5.3,0.8,5,12,20,0.8,0.3,1.1,1.7,5.6
269,17.9,0.458,0.309,0.477,11.5,35.9,23.3,11.8,1.1,1.1,9.8,28.9,-0.8,-0.3,-1.1,0.1,1.1
270,17.5,0.543,0.448,0.384,3.2,15.9,9.5,34.6,2.5,1,17.7,20.3,3,0.7,3.7,2.9,5.6
271,12.8,0.483,0.452,0.075,1.1,8.3,4.7,21.5,1.5,0.1,7,20.8,0.4,-3.3,-2.9,-0.2,1.1
272,6,0.581,0.167,0.333,0,5.3,2.7,44.2,4.8,0,53.8,31,-12.2,-2.9,-15.1,-0.1,-0.1
273,11.3,0.537,0.389,0.127,0.8,10,5.4,26.3,1.9,0,20.4,18.5,-2.1,-1.8,-3.9,-0.2,0.5
273,10.4,0.453,0.325,0.05,2.3,10.3,6.3,26.3,2.2,0,16.4,15.8,-2.6,-0.4,-3,0,0.2
273,-6.4,0.5,0.5,0,0,0,0,22.6,0,0,50,26.3,-15.1,-9,-24.1,0,-0.1
273,12.3,0.577,0.417,0.167,0,10.1,5.1,26.3,1.7,0,21,19.7,-1.5,-2.4,-3.8,-0.1,0.4
274,7.9,0.489,0.276,0.632,2.2,9.1,5.6,11.4,1.2,0.6,14.9,20.2,-3.2,-2.7,-5.9,-0.3,0.1
275,10.6,0.497,0.006,0.52,9.9,16.2,13.1,3.3,1.6,3.7,18.5,17.1,-4.7,2,-2.7,-0.2,2.3
276,18,0.553,0.106,0.146,8.2,20.6,14.5,13.1,1.9,1.8,12.3,19,0.9,1.9,2.8,2.4,5.3
277,7.8,0.455,0.483,0.093,0.6,6.3,3.4,29.4,1.6,0.4,26.6,13.6,-4.1,-3.2,-7.3,-0.9,-0.2
278,9.7,0.511,0.579,0.111,1.7,14.3,8,4.8,1.4,0.7,10.8,19.5,-2.2,-1.4,-3.6,-0.3,0.7
279,13.9,0.583,0,0.43,8.9,17.1,12.9,2.9,2,3.4,12.6,13.7,-1.2,1.8,0.5,0.3,1.2
280,16,0.608,0.477,0.316,1.8,7.4,4.8,7.9,1.7,0.3,10.2,21,2.7,-2.3,0.5,1.3,7
281,10,0.57,0.521,0.141,1.1,12,6.5,9.5,1.2,0.8,13.6,14.3,-0.3,-1.4,-1.7,0.1,1.4
282,14.1,0.574,0.526,0.231,1.7,7.6,4.6,11.8,2,0.6,10.9,19.1,2.3,-1.1,1.2,2,4.7
283,11.3,0.478,0,0.317,8.5,18,13.2,4.7,0.9,4.2,13.5,15.3,-3.7,1.1,-2.6,-0.3,1.8
284,9.3,0.472,0.342,0.221,1.1,4.4,2.8,28.7,1.2,0.1,20.4,18.4,-3,-4.4,-7.4,-1.3,0.2
284,7.5,0.419,0.4,0.183,1.6,3.6,2.6,26.8,1.3,0,20,18.1,-3.9,-4.5,-8.4,-0.6,0
284,10.6,0.508,0.301,0.247,0.8,4.9,2.8,30,1.1,0.1,20.7,18.6,-2.4,-4.3,-6.7,-0.7,0.2
285,13.9,0.556,0.34,0.227,1.4,9.6,5.6,19.4,1.6,0.6,15.7,20.9,1.1,-0.7,0.4,1.7,4.2
286,9.1,0.447,0.098,0.334,7,14,10.4,6.1,1.6,0.8,13.9,16.5,-4,0,-4.1,-0.7,0.5
287,20.7,0.589,0.002,0.353,12.6,17.1,14.9,2.7,1.1,8.5,12.9,21.1,-0.5,2,1.5,1.2,4.9
288,7.7,0.422,0,0.179,5.7,18.4,12,7.5,1.8,2.3,16.6,8.7,-4.2,2.2,-1.9,0,0.3
288,7.5,0.462,0,0.188,5.6,19.5,12.4,6.4,1.2,2.8,16.8,8.4,-4.4,2.1,-2.3,0,0.2
288,9.1,0.434,0,0.095,5.7,17.6,11.5,9.1,3,1.7,18.6,8.6,-3.2,2.8,-0.4,0.1,0.1
288,-6,0,0,0.667,9.5,9.1,9.3,11.5,0,0,0,14.7,-12,-1.3,-13.3,0,-0.1
289,12.7,0.527,0.245,0.248,7,18.1,12.4,14.8,1.1,1.4,14.8,13.7,-1,0.1,-0.8,0.4,2.2
289,10.2,0.478,0.359,0.196,6.7,15.8,11.3,14.7,0.8,1.4,14.4,12.9,-2,-0.1,-2,0,0.7
289,14.8,0.565,0.153,0.289,7.2,20,13.4,14.9,1.4,1.5,15.1,14.3,-0.1,0.2,0.1,0.4,1.5
290,11.4,0.54,0.645,0.181,2.5,8.7,5.7,6.4,1.8,0.2,8.3,16.7,0.6,-1.5,-0.9,0.5,3
291,4.9,0.451,0,0.667,0,9.6,4.9,0,2.9,4.4,11.4,11.5,-7.5,1.7,-5.8,0,0
292,11.4,0.532,0.319,0.227,1,11.4,6.1,9.5,1.7,0.7,6.6,15.9,-0.9,-1.5,-2.3,0,0.9
293,15.3,0.551,0.534,0.174,1.9,13.4,7.4,8.1,1.9,1,9.5,23.9,1.7,-2.8,-1.1,0.3,2.6
294,-30.2,0,0,0,0,22.9,11.8,0,0,0,66.7,28.4,-33,-3.1,-36.1,0,-0.1
295,15.7,0.548,0.101,0.307,3.2,9.1,6.2,32.2,1.7,0.4,19.3,17.9,0.9,-1,-0.1,1,5.4
296,6.3,0.529,0.519,0.074,1.3,12.2,6.7,9.3,1.3,1.4,17.1,9,-2.2,0,-2.2,0,0.5
297,13.5,0.596,0.758,0.048,2.6,18,10.7,16.2,1.2,0.4,12.9,14.4,1.6,-1,0.6,0.6,2.6
298,5.9,0.349,0.083,0.167,4.4,4.2,4.3,16.8,1.9,0,7.2,23.1,-5.1,-3.3,-8.4,0,0
299,14.1,0.59,0.539,0.079,1.7,6.8,4.4,14.9,2,0.4,13.5,20.2,1.2,-1.6,-0.4,0.3,1.5
300,19.8,0.55,0.045,0.407,8.6,18.8,13.7,14.5,2.3,2.7,11.8,22.4,1.8,2,3.8,3.5,7.6
301,10.8,0.414,0.011,0.261,12,20.4,16.2,5.8,1.6,3.5,10.7,14.9,-4.6,1.8,-2.8,-0.1,1.2
302,19.5,0.527,0.004,0.371,9.9,23.6,16.7,18.6,2.1,1.6,16,24.8,0.6,1.8,2.4,3,5.9
303,10.7,0.471,0.329,0.099,3.2,8,5.6,19.1,1.6,1.1,14.4,19.7,-1.8,-1.4,-3.2,-0.5,0.2
304,8.1,0.475,0.351,0.197,4,5.2,4.6,16.8,1.6,0.2,18.1,16.2,-2.6,-1.7,-4.3,-0.4,0.2
305,11.3,0.516,0.443,0.222,6,14.6,10.3,6.4,1.5,1,11.8,18.9,-1,-1,-1.9,0,1.8
305,12.1,0.537,0.485,0.188,6.3,15.2,10.8,6.3,1.2,1.1,10.9,18.4,-0.1,-1,-1.1,0.3,2
305,8.6,0.453,0.31,0.333,5.1,12.9,8.9,6.4,2.5,0.8,14.2,20.2,-3.7,-0.9,-4.7,-0.2,-0.2
306,12.6,0.473,0.205,0.194,7.9,16.7,12.3,9.4,2.2,2.6,12.8,19.7,-2.1,1.1,-1,0.5,1.7
307,12,0.53,0.297,0.152,3.3,5.6,4.5,5.6,1.8,0.2,4.9,19.6,-1.1,-2.8,-3.9,-0.2,0.7
307,12.3,0.526,0.342,0.162,3.9,6,4.9,4.8,2.1,0.3,3.3,18.9,-0.7,-2.3,-3,-0.1,0.6
307,10.9,0.545,0.147,0.118,1.4,4,2.7,8.3,0.6,0,10.1,22.1,-2.6,-4.8,-7.4,-0.1,0
308,12.2,0.531,0.39,0.239,7.7,11.9,9.8,9.5,0.6,1.4,13.6,22.1,-0.7,-2.2,-2.9,-0.1,0.7
309,16.7,0.595,0,0.209,15.4,14.8,15.1,2.9,1.7,1.4,11.5,14.1,-0.7,-0.9,-1.7,0,1.7
310,12.3,0.549,0.023,0.299,15.6,17.1,16.4,3.4,0.8,3.8,20.3,14.6,-1.9,0.2,-1.6,0,0.7
311,12.3,0.465,0.369,0.176,5.5,22,13.5,10.1,1.2,1.8,10.9,21.7,-1.9,-1.7,-3.6,-0.6,0.1
312,-4.5,0.268,0.179,0,0,9.1,4.5,6.1,1,0,9.7,27.1,-12.4,-5.3,-17.6,-0.2,-0.3
313,9.1,0.494,0.574,0.18,3.1,17.9,10.7,3.8,2,1.8,9.6,13,-2.2,0.5,-1.7,0,0.3
314,16,0.605,0.274,0.244,1.8,7.7,4.8,32.8,0.9,0.2,19.3,17.8,1.5,-2.6,-1.1,0.4,4.3
315,11.5,0.512,0.42,0.124,1.1,9.6,5.6,13.5,1,0.1,9.9,21.7,-0.8,-1.8,-2.6,-0.2,1.9
316,14.4,0.498,0.455,0.131,1.3,10.6,6,33.3,1.9,0.2,15.7,22.5,1.6,-1.7,-0.1,0.9,2.1
317,15.1,0.557,0,0.193,6.2,17.1,11.7,6.1,1,2,13,22.1,-2.8,-1.6,-4.4,-0.8,1.7
318,18.1,0.534,0.008,0.376,12.2,22.6,17.3,17.6,1.7,4.4,19.3,17.2,0.1,5.1,5.2,4.4,7.3
319,11.3,0.602,0.816,0.077,1.2,10,5.4,3.3,0.9,0.4,2.6,13,2,-2,0,0.8,4
320,19.8,0.564,0.216,0.265,2.5,21.5,12.2,13.5,1.2,1.7,7.9,24.2,1.7,0,1.7,1.5,5
321,16.7,0.538,0,0.31,8.9,23.8,16.2,6.8,0.9,5.7,14.8,21.4,-3.3,1.3,-2,0,2
322,15.8,0.535,0.005,0.228,11.5,25.5,18.5,13.1,0.9,3.1,14.6,18.1,-1.9,1,-0.9,0.2,1.4
323,10.9,0.429,0.246,0.115,8.8,26.3,17.7,12.4,2.2,3,18.3,13.3,-2.6,3.8,1.2,1.3,2.7
324,-6.1,0.436,0,0.333,0,9.3,4.7,11.8,4.2,0,53.8,27.1,-16.9,1.1,-15.8,0,-0.1
325,15.8,0.496,0,0.278,10.7,26.8,18.7,7.9,1.1,3,12.2,19.5,-3.2,2,-1.1,0.5,4.5
326,14,0.493,0,0.654,15.5,13.4,14.3,5.7,2,2.2,10.7,16.4,-1.1,-0.2,-1.3,0,0.3
327,13,0.5,0.282,0.294,4.3,11.7,7.9,7.7,1.3,1.4,8.7,21.9,-1.5,-3.2,-4.7,-0.3,0.3
328,13.1,0.534,0.012,0.427,13.5,20.3,17,10.3,1.6,0.8,19.6,14.6,-1.6,1.6,0,0.6,2.7
329,10.3,0.475,0.547,0.061,2.2,5.7,3.9,22.8,1.9,0.5,15.8,23.3,-1.1,-3.9,-5,-0.4,-0.2
329,0.2,0.319,0.625,0.063,0,6.6,3.3,21,0,0.8,19.6,18.3,-7.4,-3.3,-10.8,-0.2,-0.3
329,9.7,0.45,0.526,0.053,1,6,3.5,25.4,1.4,0,11.4,18,-2,-3.5,-5.6,-0.1,0.1
329,14.1,0.517,0.535,0.063,3.4,5.2,4.3,22.5,2.7,0.6,16.1,27.1,1.5,-4.2,-2.7,-0.1,0
330,10.4,0.478,0.296,0.248,1.3,7.5,4.3,23,1,0.2,15.3,22.5,-2.4,-3.9,-6.3,-0.7,0
330,11.3,0.478,0.305,0.219,1.7,6.8,4.1,24.2,1.4,0.4,15.3,24.1,-1.6,-4,-5.6,-0.4,-0.1
330,8.4,0.478,0.27,0.333,0.5,8.9,4.6,20.4,0.3,0,15.3,18.9,-4.1,-3.7,-7.8,-0.3,0
331,23,0.588,0.068,0.332,1,9.1,5.3,40.4,1.3,0.2,13,27.7,4.1,-1.4,2.7,2.6,9.3
332,15.3,0.584,0.421,0.165,3.3,13.2,8.3,15.6,1.4,0.9,12.7,18.3,2.4,0.4,2.7,3.3,7
333,15.2,0.566,0.212,0.101,7.2,14.4,10.8,7.5,0.9,1.7,8.6,17.6,0.5,-0.7,-0.2,0.8,4.1
333,15.5,0.571,0.211,0.108,6.9,13.6,10.3,7,0.7,1.7,8.1,18.6,0.6,-0.7,-0.2,0.6,3
333,14.5,0.554,0.214,0.083,8.1,16.1,12,8.6,1.2,1.8,9.8,15.4,0.4,-0.7,-0.3,0.2,1
334,26.4,0.594,0.271,0.377,2.8,10.5,6.7,46.5,3.8,0.4,13.7,22.6,7.2,0.3,7.5,5.6,13.9
335,6.2,0.423,0.504,0.05,1.5,10.9,6.2,8.9,2.4,0.7,10.3,11.8,-3.3,0.2,-3.1,-0.1,0.1
336,20.2,0.572,0,0.437,13,19,15.9,4.9,1.1,2,10.3,22.5,0.8,-0.5,0.3,1.2,6.7
337,8.2,0.479,0.003,0.23,7,19.5,13.7,7.9,1.1,3.2,24,10.6,-3.3,2.9,-0.4,0.8,2.5
338,11,0.468,0.036,0.109,10.9,25.3,18.2,7.1,1.5,2,17.2,18.3,-5.4,0.7,-4.8,-0.2,0.4
339,19.1,0.559,0.35,0.387,2.1,19.7,11.2,25.1,1.7,0.9,14.3,27.4,2.7,0.7,3.4,3.4,7.2
340,6,0.472,0.653,0.184,1.5,9.7,5.5,3.5,1.7,1.2,13.1,14.7,-2.7,-0.9,-3.6,-0.2,0
341,1.6,0.325,0,0.273,27.2,18.5,22.7,0,0,0,19.6,22.4,-9.7,-8.2,-17.9,-0.1,-0.1
341,17,0.6,0,0,43.5,29.1,35.9,0,0,0,28.6,27.9,-3.6,-11.8,-15.5,0,0
341,-7.7,0.137,0,0.5,17.4,12,14.8,0,0,0,12,19.2,-13.4,-6,-19.4,-0.1,-0.1
342,8.8,0.286,0,0.19,24.8,19.9,22.3,5.7,0,4,11.6,21.4,-7.1,-0.6,-7.8,-0.1,0
343,11,0.565,0.508,0.251,4,8.6,6.3,7.6,1.5,0.4,11.2,13.9,0.5,0.1,0.6,0.8,3.2
344,12.4,0.501,0.484,0.15,1.7,8.2,4.9,26.4,1.3,0.2,12.7,18,-0.1,-1.7,-1.8,0.1,2.2
345,6.8,0.402,0.325,0.2,2.9,7.2,5,21,2.7,0.4,20.7,14.8,-4.1,-0.7,-4.8,-0.4,-0.2
346,13,0.595,0.609,0.114,3.7,9.8,6.6,27.5,2.9,0.1,27.1,11.7,0.7,-0.1,0.6,0.8,3.2
347,11.5,0.486,0.115,0.159,3.1,13.2,8.1,12.1,1,0.8,9.2,16.8,-1.6,0,-1.6,0.3,3.6
347,12.5,0.502,0.11,0.192,3.3,13.4,8.3,12.6,0.8,0.7,9.3,18.1,-1.2,-1,-2.2,-0.1,1.7
347,10.2,0.461,0.122,0.11,2.9,12.9,7.8,11.6,1.2,0.8,9,15.2,-2.1,1.2,-0.9,0.3,1.8
348,3.3,0.205,0,0.5,7.6,26.2,16.6,7.6,0.7,2.1,45,5.7,-8.2,2.6,-5.6,-0.1,0
349,1.3,0.296,0.313,0.125,1.4,1.6,1.5,16.3,2,0,26.2,13.1,-7.7,-3.1,-10.8,-0.2,-0.2
350,6.3,0.372,0.628,0.07,7.9,14.5,11.2,8.6,3,2.1,13.6,16.4,-3.5,1.3,-2.2,0,0.1
351,15.6,0.534,0.07,0.395,10.1,22.1,16.2,5.5,2.9,5,21.7,22.5,-3.8,2.3,-1.5,0,0.5
352,15.9,0.559,0,0.563,17.2,24.3,20.9,3.3,2.1,2.8,14.3,16.7,-2,0.4,-1.6,0,0.7
353,17.9,0.506,0.022,0.293,13.8,25.1,19.3,7.3,1.3,1,11.5,23.1,-0.5,0.7,0.2,1.4,7.9
354,14.7,0.571,0.513,0.216,0.8,7.3,4,20,0.8,0.3,12.5,20.8,2.1,-3.2,-1.1,0.6,4.5
354,16.1,0.592,0.515,0.222,0.6,7.9,4.3,22.7,1,0.2,14.1,21.5,2.9,-3.2,-0.3,0.7,3.2
354,11.9,0.529,0.507,0.205,1,6.1,3.5,14.8,0.6,0.4,9.2,19.4,0.7,-3.2,-2.5,-0.1,1.3
355,12.6,0.495,0.497,0.098,2.2,13.4,7.7,8.6,2.3,1.2,6.9,18.5,-0.5,-0.1,-0.6,0.3,1.4
356,0.7,0.21,0.364,0.182,19.5,20.9,20.2,4.8,0,0,14.4,22.4,-9,-4.2,-13.2,-0.1,-0.1
357,13,0.532,0.261,0.202,1.8,7.9,4.8,21,1.7,0.5,12.8,18.3,0.3,-0.7,-0.4,1,4.3
358,5.9,0.431,0.221,0.277,1.3,8,4.6,13.9,1,0.5,14.5,16.8,-3.6,-2,-5.6,-1.3,-1.1
359,14.6,0.509,0.299,0.151,1.5,7.3,4.4,28.2,1.5,0.2,11.5,21.6,1.1,-3.6,-2.5,-0.2,2.2
360,17.4,0.54,0.378,0.183,1.6,8.6,5.1,31.4,2.2,0.4,12.6,25.1,3.3,-1.6,1.7,1.9,5.9
361,10.9,0.451,0.003,0.34,13,21.3,17.1,6.7,2,1.9,19.3,19.1,-4.4,-0.1,-4.5,-0.7,-0.1
361,10.6,0.45,0,0.292,12.7,21.3,16.9,6.8,1.6,2,19.2,18.6,-4.3,-0.4,-4.8,-0.6,-0.2
361,12,0.454,0.013,0.487,13.9,21.3,17.7,6.2,3.2,1.5,19.5,20.8,-4.6,1.2,-3.4,-0.1,0.1
362,18.1,0.516,0.108,0.2,3.7,13.6,8.8,49.3,2.6,0.5,22.6,21.7,1.1,0.7,1.8,1.3,3.2
363,10.4,0.491,0.429,0.092,3.3,10.6,6.9,7.2,1.8,0.9,9.2,19.6,-1.3,-1.7,-2.9,-0.3,0.9
364,8.3,0.368,0.257,0.286,2.7,10.6,6.6,28.8,1.3,0,15.1,17,-3.9,-1.5,-5.5,-0.1,0
365,16.2,0.482,0.179,0.514,2.9,12.9,7.7,38.8,4.2,0.2,21.4,21.2,0,1.8,1.8,1.6,3
366,11.9,0.678,0.222,0.333,0,4.3,2.2,14.5,0,0,22.5,23.9,-1.8,-5.3,-7.1,0,0
367,3.4,0.407,0,0.229,5,13.2,9.2,4.3,0,3.6,15.9,13.8,-7.3,-0.2,-7.5,-0.3,-0.1
368,10.2,0.509,0.436,0.18,1.6,9,5.2,14.8,1.1,0.9,11.4,14.5,-0.2,-1.7,-1.8,0.1,1.6
369,6.2,0.411,0.017,0.4,5.6,11.2,8.3,6.3,0.8,1.2,7.8,17.4,-5.3,-2.5,-7.7,-0.3,-0.1
370,18.7,0.523,0.003,0.225,12,25.8,18.6,6.8,1.4,7.6,11.6,16.9,-1.8,4.3,2.5,2.2,6
371,16.7,0.516,0.017,0.251,8.1,20.4,14.1,14.5,1.6,1.2,11,23.3,-0.3,0.2,-0.1,1.1,4.4
372,16.3,0.533,0.007,0.381,12.1,21.3,16.7,5.4,0.6,0.4,10.9,23.7,-3.2,-3.2,-6.4,-0.4,0.9
373,12.8,0.617,0.554,0.148,3.2,12.4,8.2,8.2,2.4,1.5,11.4,11.4,1.9,1.6,3.5,3.1,6.8
374,0.1,0.373,0.273,0.5,0,10.2,5,10.5,1.8,0,20.7,26.4,-9.4,-2.2,-11.6,-0.1,-0.2
375,10.3,0.478,0,0.123,6.8,15.5,11.1,6.1,0.7,2.7,14.7,23.5,-5.6,-0.1,-5.7,-1.6,0.1
376,17.7,0.529,0.158,0.513,1.8,10.1,5.9,25.5,1.5,0.3,11.2,25.7,1.4,-3.5,-2.1,0,2.9
377,8.5,0.499,0.087,0.696,11.4,17.9,14.6,5.1,1.7,0.8,26.8,20.3,-5.5,-0.9,-6.4,-0.1,0
378,11.7,0.516,0.462,0.171,3.5,12.8,8,11.6,2.3,0.6,11.1,15.6,0.2,0.4,0.6,0.7,1.9
379,11,0.474,0.454,0.236,2.5,8.6,5.4,25.2,1.5,1.1,17.3,20.6,-1,-1.1,-2.1,-0.1,0.8
380,29.2,0.667,0,0,46.8,0,23.8,0,0,0,25,37.2,4.1,-13.2,-9.1,0,0
381,10,0.517,0.312,0.193,5.4,11.3,8.3,5.3,1.3,1.3,12.3,15.8,-1.2,-0.7,-1.9,0.1,2.3
382,7.8,0.425,0.149,0.29,6.1,16.1,11,6.3,2.1,2.1,14.2,15.7,-5.2,1.9,-3.3,-0.3,0.5
383,9.6,0.455,0.244,0.321,1.3,11.5,6.2,22,1,0,13.6,17.5,-3.1,-3.2,-6.3,-0.3,0.1
383,9.9,0.455,0.244,0.321,1.3,11.8,6.3,22,1,0,12.7,17.7,-2.9,-3.1,-6,-0.3,0.1
384,16.1,0.636,0.004,0.474,11.5,21.2,16.4,3.5,0.8,2.7,11,14.7,-0.4,-0.1,-0.5,0.4,4
385,8.5,0.379,0.17,0.044,2.6,10.7,6.6,25,2.1,1.3,18.6,17.4,-5.4,-0.8,-6.2,-0.5,-0.4
385,7.2,0.357,0.147,0.06,3.3,10.5,6.9,22.2,1.8,1.2,18.5,17.6,-6.1,-0.8,-7,-0.5,-0.6
385,12.1,0.442,0.233,0,0.8,11.3,5.8,32.7,2.9,1.6,18.9,16.7,-3.5,-0.5,-4,-0.1,0.1
386,17.6,0.522,0.349,0.249,2.7,16.3,9.3,14.5,2,0.8,8.8,26.5,1.8,-0.5,1.3,2.2,6.7
387,16.8,0.544,0.012,0.299,8.6,16.9,12.7,7,0.9,4.3,12.5,23.4,-1.5,-0.6,-2.1,0,1.7
388,17.7,0.501,0.17,0.272,5.8,21.3,13.6,20.9,1.8,3.9,14.6,26.7,-1,3.2,2.1,2.8,4.2
389,7.1,0.435,0.246,0.246,2.8,8.2,5.5,19.9,1.3,0.3,18.7,24.7,-5.3,-3.3,-8.6,-0.5,-0.5
390,17.3,0.498,0.017,0.3,12.7,22.3,17.4,6.5,1,3.3,10.8,25.8,-2.4,-1.1,-3.5,-0.5,2.8
390,16.1,0.474,0.02,0.271,15.2,23.5,19.3,5.5,0.9,3.8,11.2,24.8,-3.1,-0.1,-3.2,-0.2,1.4
390,18.2,0.515,0.015,0.32,10.7,21.4,15.8,7.4,1,2.9,10.5,26.6,-1.9,-2,-3.8,-0.3,1.4
391,18.7,0.609,0.004,0.506,8.8,20.3,14.9,10,1.6,2.3,12.7,18.2,0.6,2.4,2.9,2.5,8.2
392,8.5,0.5,0.517,0.134,1.1,6.1,3.6,10.4,0.7,0.6,11.6,17.5,-1.4,-2.7,-4.1,-0.3,0.4
393,11.8,0.53,0.314,0.192,2.3,12.3,7.4,16.2,1.9,0.5,14.4,15.2,-0.6,1.6,0.9,1.7,5.5
394,8.1,0.522,0.798,0.088,1.8,10.1,6,6.5,1.3,0.4,7.8,11.8,-0.9,-0.6,-1.5,0.1,1.5
395,10.5,0.498,0,0.248,5.6,19.5,12.3,3.9,1.9,5.8,16.1,13.6,-5.1,3.7,-1.4,0.2,1.7
396,11.4,0.931,0,2,8.2,3.9,6,9.3,1.8,0,34.7,8.9,1.4,-0.7,0.7,0,0.1
397,22.1,0.637,0,0.487,10,15.1,12.4,3.6,0.8,2.7,13.4,25.7,0.6,-2,-1.4,0.1,2.7
398,13,0.505,0.243,0.364,2.2,9.1,5.6,20.3,1.2,0.6,13.4,21,-0.5,-2,-2.5,-0.3,2.5
399,13.5,0.534,0.022,0.28,12.6,22.1,17.5,6.2,1.3,1.9,10.3,14.9,-1.6,0.9,-0.6,0.3,2.7
400,4.3,0.25,0,0,0,33.5,17,21.7,0,0,0,26.1,-10.8,-1.9,-12.6,0,0
401,10.3,0.531,0.386,0.258,3.8,7.7,5.7,7,1.6,0.8,9.7,14.9,-0.9,-2.4,-3.3,-0.5,1.2
402,6.2,0.43,0.149,0.31,1.1,8.6,4.8,15.9,3.2,0,20.2,25.8,-6.3,-1.4,-7.7,-0.3,-0.4
403,16.8,0.543,0.255,0.232,1.1,6.7,3.9,36.1,2.3,0.8,17.6,23,0.8,-1.5,-0.7,0.8,6.1
404,6,0.412,0.204,0.142,0.9,12.1,6.4,25.6,1.2,1.3,22.6,18.2,-6.3,-1,-7.3,-0.5,-0.3
405,12.3,0.495,0.584,0.059,7.8,14.8,11.2,7.7,1.4,1.2,9.5,19.4,0.4,-1.6,-1.1,0.1,0.9
406,10.9,0.488,0.485,0.223,1.5,8.5,4.9,23.9,2,0.8,15.9,18.5,-1,-2,-3,-0.2,0.8
406,10.9,0.505,0.457,0.231,1.7,8.2,4.9,21.9,1.8,0.9,16.3,18.2,-1,-1.9,-2.9,-0.2,0.7
406,10.7,0.416,0.597,0.194,0.6,9.8,5.1,32.5,2.6,0.4,14.1,19.6,-1,-2.3,-3.3,-0.1,0.1
407,8.8,0.478,0.31,0.143,2.8,9.1,5.9,15.5,2.3,1.2,18.2,13.2,-2.9,1.7,-1.2,0.2,1.2
408,12.8,0.566,0.511,0.202,1.1,7.6,4.4,14.9,1.6,0.4,12.6,18,0.7,-1.3,-0.6,0.7,4
409,11.6,0.619,0,0.5,11.1,17.5,14.5,2,2,5.9,24.1,10.1,-2.1,3,0.8,0.5,2.2
410,17.5,0.574,0.386,0.345,1.5,7.3,4.4,24.6,1.6,0.1,12.7,23,3.5,-3.7,-0.2,1,5
411,13.3,0.547,0.012,0.157,6.9,20.1,13.3,8.3,1.4,3.5,8.3,11.5,-1.7,2.2,0.4,0.2,1.1
412,10.1,0.565,0,0.557,8,13.3,10.6,4,0.9,0.9,9.6,10.5,-1.5,-1.1,-2.7,-0.1,1.2
413,13.8,0.555,0,0.8,10,21.6,15.9,10.3,1.9,2.7,18.2,13.2,-2.7,2.2,-0.5,0,0.2
413,8.8,0.543,0,4,0,25.4,13.1,12.1,0,3.7,26.6,8,-6.3,2.3,-4,0,0
413,16.7,0.558,0,0.444,15.8,19.4,17.5,9.3,3,2.1,15.7,16.3,-0.6,2.1,1.5,0,0.1
414,9.6,0.418,0.059,0.228,4.9,14.4,9.5,9.1,2,3.4,10.2,21.1,-5.3,-0.9,-6.2,-0.4,-0.2
415,14.6,0.533,0.004,0.277,8.4,19.5,13.8,6,1.1,2.1,10.8,18.2,-1.3,-0.7,-2,0,3.6
416,12.7,0.533,0.437,0.13,1.2,10,5.7,10.1,1.5,1.2,11,21.8,0.4,-0.6,-0.1,1.4,4.3
417,16.1,0.516,0.004,0.364,13.2,22.1,17.5,6.9,1.2,2.2,11.7,18.3,-0.7,0.1,-0.5,1,5.2
418,16.3,0.552,0.49,0.163,3.2,9,6,9,1.8,0.2,7.6,23.1,2.9,-3.6,-0.7,0.6,3.2
419,10.6,0.467,0.543,0.111,1.6,9.5,5.5,34.1,2.8,0.9,30.2,13.1,-2,-1,-3,-0.3,0.9
420,8.4,0.531,0.616,0.236,3.7,14.5,9.2,4.8,0.8,1,13.1,13.2,-2.5,-0.8,-3.3,-0.3,1.2
421,11.6,0.525,0.158,0.194,7.7,13.3,10.4,8.6,1.7,0.7,12.2,12.8,-0.9,0.5,-0.4,0.8,2.9
422,9.4,0.485,0,0.649,7.8,17.9,12.9,6.8,1.4,4.2,18.9,10,-3.5,2.9,-0.5,0.3,1.1
423,3.4,0.288,0.453,0.113,2.4,13.2,7.8,17.2,1.9,0.4,17.7,16.3,-6.6,-0.6,-7.3,-0.3,-0.5
424,12.1,0.478,0.151,0.198,2.1,18.5,10.1,19.7,1.3,0.5,14,21.2,-2.4,0.3,-2.1,-0.1,2.1
425,6.2,0.413,0,0.25,10,22.3,16.3,2.3,0.7,2.3,18.4,21.5,-9.5,-2.4,-11.9,-0.2,-0.1
425,6.1,0.413,0,0.25,10.8,18.7,14.9,2.5,0.8,2.5,18.4,23.2,-9.1,-2.4,-11.5,-0.2,-0.1
426,12,0.503,0.004,0.442,8.9,11.7,10.3,4.7,1.5,4.7,11.8,12.1,-2.8,2.4,-0.5,0.5,2.7
427,14.2,0.516,0.214,0.216,2.5,8.2,5.3,32.3,1.5,0.2,17.2,19.3,-0.5,-2.6,-3.2,-0.4,2.2
427,13.6,0.521,0.206,0.139,2.5,9.5,5.8,30.4,1.1,0.2,17.3,18.5,-1,-2.5,-3.6,-0.3,1.1
427,14.9,0.512,0.223,0.294,2.6,7,4.8,34.2,1.8,0.1,17,20,0,-2.7,-2.8,-0.1,1.1
428,15.6,0.619,0,0.505,9.6,20.5,14.9,5,0.6,4.2,17.4,16.9,-1.3,0.9,-0.4,0.6,3.9
429,21.7,0.529,0.017,0.353,16.9,30.1,23.2,15.4,2.1,1.3,11.6,18.7,2.4,2.2,4.6,1.5,3.3
430,1.2,0.457,0,0.571,4.4,14,9.4,7.2,0.9,2.8,40.7,12.1,-8.2,1.3,-6.9,-0.1,-0.1
430,12.8,0.521,0,1,6.8,12.7,9.8,8.6,2.9,0,14.8,17.8,-3.6,-0.1,-3.7,0,0
430,-4.1,0.333,0,0,3.3,14.6,9.2,6.5,0,4.1,62.5,9.6,-10.2,1.9,-8.3,-0.1,-0.1
431,16.3,0.502,0.24,0.152,1.9,13.3,7.5,44.9,1.3,0.2,18.6,23,2,-2,0.1,1.4,3.8
432,7.6,0.48,0.009,0.342,7.9,14.7,11.3,7.3,1.3,2.2,17.1,12,-4.4,1.9,-2.5,-0.1,0.7
433,14,0.481,0.558,0.106,5.1,20.6,12.7,8.4,1.5,2.8,7.4,21.9,-0.3,-1.2,-1.5,0.1,1.6
434,17.8,0.534,0.003,0.142,12,28.4,20.2,9.3,1.2,2.4,13,19.3,-0.9,1.4,0.4,1.6,5.7
435,24,0.571,0.06,0.389,4.7,12.6,8.9,26.6,2.8,1.9,13.2,29.5,2.8,1.1,3.9,3.5,9.6
436,13.7,0.492,0.249,0.261,1.4,8.8,4.9,18.4,1.7,0.7,11.8,26.1,-0.5,-2.7,-3.2,-0.5,0.9
437,18.8,0.517,0.267,0.298,2.3,9.2,5.7,31.2,2.9,0.9,12.4,25.6,3.2,-1.7,1.5,2.5,4.8
438,20.8,0.521,0.061,0.416,2.4,11.2,6.8,43.9,2.1,1.8,15.3,29.3,2.5,0.9,3.4,2.2,4.5
439,11.6,0.49,0.356,0.415,3.9,14.3,9.1,13.3,2.5,1.7,16.9,14.5,-0.7,2.6,1.9,2,3.1
440,16.7,0.484,0.486,0.141,4.2,29.4,16.4,3.5,2.3,4.4,6.2,25.4,-2.3,-0.8,-3.2,-0.1,0.6
441,11.3,0.453,0.37,0.11,4.9,15.2,9.8,28.7,2.5,1.2,24,13,-1.8,0.5,-1.3,0.2,0.8
442,11.5,0.476,0.018,0.533,4.8,16.4,10.4,8.9,1.4,1,12.5,21.7,-4.4,-2.5,-6.9,-0.6,0
442,28.8,0.694,0,1,0,0,0,0,7.7,0,0,19.1,4.1,0.3,4.4,0,0.1
442,11.3,0.473,0.018,0.528,4.8,16.6,10.6,9,1.3,1,12.6,21.7,-4.5,-2.6,-7.1,-0.6,-0.1
443,13.9,0.544,0.466,0.198,2.9,8.4,5.6,17.2,2.3,0.6,12.1,17.2,1.6,-0.5,1,1.2,3.8
444,7.7,0.366,0.233,0.208,3.2,9.1,6.1,31.8,2.5,0.8,34.5,11,-4.1,-0.4,-4.5,-0.5,0
445,5,0.394,0.352,0.216,0.5,3.5,2,20.7,1.6,0,13.5,25.4,-5.6,-5.1,-10.7,-0.4,-0.3
445,1.8,0.356,0.347,0.208,0.7,2.8,1.7,18.4,1,0,14.2,25.6,-7.6,-5.7,-13.3,-0.5,-0.5
445,19.5,0.563,0.375,0.25,0,6.3,3.2,30.9,4.3,0,10.1,24.4,3.4,-2.5,0.9,0,0.2
446,13.9,0.601,0.517,0.311,2.7,12.2,7.4,10.7,1.2,0.6,11.1,16.9,1.6,-0.1,1.5,1.9,6.3
447,20.1,0.545,0.019,0.312,6.8,18.8,12.9,16.8,1.6,2.1,12,24.4,0.9,2.4,3.3,3.3,9.1
448,23.9,0.532,0.195,0.375,4.8,11.8,8.6,38.4,2.6,0.6,13.2,32.8,4.7,0.3,5,5.1,11.6
449,14.7,0.538,0,0.391,5.7,12,8.9,7.5,0.6,5.5,6.9,15.9,-3.1,1.1,-2.1,0,0.2
450,9.1,0.503,0.353,0.164,1.3,12,6.5,10.3,1.6,0.8,12,15.2,-2.6,-0.9,-3.4,-0.2,0.5
451,15.3,0.725,0.007,0.379,8.1,17.3,12.8,4.2,2,2.7,16,12.1,-0.5,1.7,1.2,0.7,3.1
452,12.5,0.533,0.161,0.345,3.2,7.8,5.4,12.9,1.8,1.3,11.9,17.4,-1.8,-0.7,-2.5,-0.1,1.9
453,20.3,0.574,0.398,0.328,1.2,8.5,4.8,37.5,1.4,0.8,14.5,24.4,5.5,-2,3.5,3.9,10.9
454,14.5,0.515,0.249,0.346,5.6,20.6,12.8,4.2,1.2,1.5,10,23.5,-2.1,-1.5,-3.7,-0.8,3
455,15.9,0.555,0.442,0.273,0.8,7.3,4.1,20.4,2,0.7,13,23.6,1.2,-1.7,-0.5,0.4,2.4
456,10.9,0.515,0.353,0.211,3.7,14.3,8.9,6.9,1.1,1.7,10.5,15.1,-1.1,-0.3,-1.4,0.3,2.3
457,14.4,0.519,0.289,0.159,2,7.2,4.5,33.2,1.7,0.5,18,22.3,1.1,-2.5,-1.4,0.2,1.8
458,13.2,0.517,0.545,0.159,2.3,13.3,7.7,18.2,1.7,0.2,11.9,19.2,0,-3.4,-3.4,-0.1,0.3
459,12.3,0.518,0.155,0.216,1.5,14.4,8.2,19.7,1.8,0.5,17.2,19.1,-3.2,-0.3,-3.5,-0.1,0.3
460,12.5,0.517,0.5,0.205,4.5,11.5,8.1,6.9,2.5,1.2,9.8,17.5,0.6,0.8,1.4,2.2,4.6
461,21,0.606,0.007,0.238,8.4,16.7,12.6,5.6,1.2,5.2,7.1,19,0.5,1.1,1.6,1,4.1
462,-1.9,0.5,0,0,0,0,0,0,0,0,33.3,34.2,-15.3,-6.8,-22.1,0,0
463,16,0.551,0.603,0.235,2.6,17,9.6,13.1,1.8,1.5,8.8,18.7,1.5,-0.2,1.3,1.5,4.9
464,9.3,0.461,0.186,0.337,5.5,6.6,6.1,25.2,1.6,1.2,22.7,21.7,-3.4,-0.8,-4.2,-0.2,0.1
465,13.3,0.525,0.387,0.236,1.9,8.7,5.2,9.7,1.3,0.8,7.7,21.2,-0.2,-2.3,-2.5,-0.2,2.3
466,7.5,0.464,0.351,0.291,4.3,15.3,9.9,9.4,1.2,0.9,16.5,13.2,-3.8,1,-2.8,-0.1,0.9
467,18.2,0.541,0.008,0.196,7.6,17.2,12.3,8.2,2.7,1.6,8,19.8,0.2,1.6,1.7,2.5,7.4
468,5.6,0.365,0.192,0,1.9,18,9.8,8.4,0,0,0,19.9,-6.2,-4.2,-10.4,-0.1,-0.1
469,11,0.486,0.007,0.281,8.7,16.7,12.5,7.4,0.9,2.8,13.1,15.9,-2.7,0.4,-2.3,-0.1,2