Rk,G,GS,MP,FG,FGA,FG%,3P,3PA,3P%,2P,2PA,2P%,eFG%,FT,FTA,FT%,ORB,DRB,TRB,AST,STL,BLK,TOV,PF,PS/G,All-NBA
1,63,0,13.4,1,2.2,0.468,0.1,0.2,0.267,1,2,0.492,0.482,0.6,0.8,0.66,1.1,2.3,3.4,0.4,0.4,0.4,0.5,1.9,2.7,0
1,7,0,8.7,0.9,2,0.429,0.3,0.7,0.4,0.6,1.3,0.444,0.5,0.7,1.1,0.625,0.7,1.4,2.1,0.6,0.6,0.4,0.3,1.1,2.7,0
1,56,0,14,1.1,2.3,0.472,0,0.2,0.2,1,2.1,0.496,0.48,0.5,0.8,0.667,1.2,2.4,3.6,0.4,0.3,0.4,0.5,2,2.7,0
2,81,20,14.8,1.1,2.3,0.503,0,0,0,1.1,2.3,0.503,0.503,1,1.7,0.581,1.8,2.3,4.1,0.5,0.5,0.7,0.9,2.5,3.3,0
3,28,12,25.2,4.3,8.4,0.515,0,0,0,4.3,8.4,0.515,0.515,2.3,3.4,0.67,2.5,5.3,7.8,1.1,0.6,0.8,1.1,2.6,10.9,0
3,53,12,18.1,2.7,5.2,0.52,0,0,0,2.7,5.2,0.52,0.52,1.4,2.2,0.639,1.9,3.8,5.8,0.7,0.5,0.7,0.7,2,6.8,0
3,25,0,10.2,0.9,1.6,0.55,0,0,0,0.9,1.6,0.55,0.55,0.5,1,0.52,1.3,2.2,3.5,0.3,0.3,0.6,0.3,1.4,2.3,0
4,73,73,35,6.4,13.8,0.459,1.8,4.1,0.427,4.6,9.7,0.473,0.522,3.8,4.6,0.815,0.4,3.2,3.6,3.4,0.5,0,2,1.9,18.2,0
5,56,30,17,2.4,4.4,0.546,0,0,0,2.4,4.4,0.548,0.546,1,1.2,0.836,1.7,3.3,4.9,0.7,0.4,0.8,1.1,3.3,5.9,0
6,46,2,7.2,0.7,1.3,0.541,0,0,0,0.7,1.3,0.541,0.541,0.6,0.7,0.867,0.8,2,2.8,0.3,0.2,0.7,0.4,0.9,2,0
7,69,69,36.2,9.4,20.6,0.458,0,0.2,0.2,9.4,20.4,0.461,0.459,4.3,5.2,0.822,2.4,8.7,11.1,2.6,0.9,1,1.8,2.1,23.2,1
8,51,2,18.8,2.3,5.2,0.44,0,0.3,0.154,2.3,5,0.455,0.444,0.5,0.8,0.675,2.1,3.4,5.4,1.3,0.4,0.5,0.8,2.3,5.2,0
8,65,2,16.5,2.1,4.6,0.447,0,0.2,0.154,2,4.4,0.46,0.45,0.5,0.8,0.66,1.8,3,4.8,1.1,0.4,0.5,0.7,1.9,4.7,0
8,14,0,8,1.2,2.4,0.5,0,0,0,1.2,2.4,0.5,0.5,0.4,0.7,0.6,0.9,1.5,2.4,0.4,0.1,0.4,0.3,0.8,2.9,0
9,73,9,26.5,3.3,7.4,0.442,1.6,4.2,0.375,1.7,3.2,0.53,0.549,1.4,1.6,0.905,0.3,2.5,2.8,2,0.7,0.1,1.2,1.6,9.6,0
10,55,28,23.2,3.7,7.5,0.494,0.2,0.9,0.234,3.5,6.7,0.527,0.507,1.4,2.2,0.628,1.4,2.3,3.8,1.7,1.6,0.3,1.6,2.2,9,0
11,80,65,25.6,2.9,6.2,0.474,0.2,0.6,0.271,2.8,5.6,0.496,0.487,1.1,1.7,0.664,1.6,4.6,6.2,1.4,1,0.5,1.1,1.8,7.2,0
12,18,0,10.2,0.9,1.8,0.5,0,0,0,0.9,1.8,0.5,0.5,0.3,1.3,0.25,1.6,1.5,3.1,0.3,0.5,0.6,0.8,2.7,2.1,0
12,19,0,9.7,0.8,1.7,0.5,0,0,0,0.8,1.7,0.5,0.5,0.3,1.3,0.25,1.5,1.4,2.9,0.3,0.5,0.6,0.7,2.6,2,0
13,72,0,19.4,2.5,3.8,0.644,0,0.2,0.25,2.4,3.7,0.662,0.649,1.7,2.3,0.71,1.8,3.5,5.3,0.3,0.4,1.3,0.7,2.3,6.6,0
14,78,26,22.7,2.5,6.2,0.4,1.1,3.2,0.339,1.4,3,0.464,0.487,1.2,1.5,0.78,0.5,1.7,2.2,1,0.6,0.1,0.8,1.9,7.2,0
15,80,62,28.9,3.9,9,0.431,1.4,4.4,0.328,2.4,4.6,0.53,0.511,1,1.3,0.726,0.7,3,3.8,1.9,0.9,0.4,1.3,1.9,10.1,0
16,22,14,36.1,7,16.1,0.438,3,7.5,0.409,4,8.6,0.463,0.532,2.7,2.8,0.952,3,3.5,6.5,0.8,0.5,0.3,0.9,2.1,19.8,0
17,77,23,24.6,2.2,5.4,0.414,0.5,1.5,0.347,1.7,3.9,0.44,0.463,1.8,2.6,0.683,1,3.4,4.4,1.9,0.8,0.8,1.6,2.2,6.8,0
18,77,77,38.7,9.6,21.3,0.452,2.2,5.4,0.402,7.5,15.9,0.469,0.503,6,7,0.848,1.9,6.2,8.1,3.1,1.2,0.7,2.6,2.9,27.4,0
19,21,0,7.1,0.5,1.2,0.385,0,0,0,0.5,1.2,0.385,0.385,0.1,0.3,0.333,0.6,0.9,1.5,0.1,0.1,0.4,0.1,0.6,1,0
19,33,0,5.6,0.4,1,0.375,0,0,0,0.4,1,0.375,0.375,0.1,0.2,0.5,0.5,0.7,1.2,0.1,0.1,0.4,0.1,0.5,0.8,0
19,12,0,3.1,0.2,0.5,0.333,0,0,0,0.2,0.5,0.333,0.333,0.2,0.2,1,0.2,0.4,0.6,0,0,0.3,0.1,0.3,0.5,0
20,50,26,18.5,2.5,5.9,0.418,1.1,3.4,0.327,1.3,2.5,0.545,0.514,1,1.3,0.758,1.1,3,4.2,1.2,0.4,0.2,1.1,2.5,7,0
21,77,77,35.4,5.1,11.1,0.456,2.3,5.7,0.407,2.7,5.3,0.509,0.562,1.9,2.5,0.772,1.3,4.9,6.2,2.5,1.6,0.3,1.7,2.3,14.4,0
22,15,1,6.5,0.6,1.3,0.474,0,0,0,0.6,1.3,0.474,0.474,0.5,1.1,0.438,1.3,1.9,3.1,0.3,0.3,0.3,0.4,0.7,1.7,0
23,68,1,17.1,2.4,6,0.395,0.4,0.9,0.375,2,5.1,0.399,0.424,0.8,0.9,0.855,0.8,2.3,3.1,0.9,0.6,0.7,0.9,2.7,5.9,0
24,48,19,20.2,2.1,4,0.532,0,0,0,2.1,4,0.532,0.532,1.6,2.6,0.619,2.1,5.8,7.9,0.5,0.3,0.8,1.2,1.9,5.8,0
25,61,9,30.4,4.8,11.4,0.419,2.2,5.3,0.411,2.6,6.1,0.426,0.514,3.2,3.6,0.882,0.2,1.8,2.1,5,0.9,0,1.9,2.3,14.9,0
25,71,9,27.3,4.2,10.1,0.415,1.9,4.7,0.401,2.3,5.4,0.427,0.508,2.8,3.2,0.885,0.2,1.6,1.8,4.4,0.7,0,1.8,2.1,13.1,0
25,10,0,8.2,0.7,2.4,0.292,0.1,1.1,0.091,0.6,1.3,0.462,0.313,0.6,0.6,1,0,0.4,0.4,1,0.1,0,0.9,0.7,2.1,0
26,26,14,16.5,2,3.9,0.51,0,0,0,2,3.9,0.51,0.51,0.3,0.8,0.4,1.6,3.2,4.8,1.1,1,0.4,1.1,1.8,4.3,0
27,73,10,13,1.4,2.4,0.58,0,0,0,1.4,2.4,0.58,0.58,0.5,0.8,0.691,1.2,2.3,3.5,0.8,0.2,0.3,0.9,2,3.3,0
28,14,0,9.4,0.6,2.1,0.267,0.4,1.9,0.222,0.1,0.2,0.667,0.367,0,0,0,0.3,0.9,1.2,0.2,0.4,0,0.2,0.9,1.6,0
29,27,2,17.5,2.2,5.7,0.39,1.3,3.5,0.379,0.9,2.2,0.407,0.506,0.5,0.7,0.778,0.7,2.6,3.3,1.1,0.3,0.4,0.6,1.9,6.3,0
30,20,0,18.4,2.8,6.6,0.427,0.4,1.3,0.28,2.5,5.3,0.462,0.454,1.6,2,0.795,0.3,1.6,1.9,1.6,0.4,0.2,1,1.5,7.5,0
31,79,1,18.6,3.2,8.3,0.387,0.9,2.9,0.316,2.3,5.4,0.426,0.443,1,1.3,0.79,0.2,1.7,1.9,3.8,0.3,0,1.6,1.6,8.4,0
32,42,39,29.9,5.3,12,0.442,0.7,2.6,0.278,4.6,9.4,0.487,0.472,2,2.4,0.824,1.6,3.6,5.3,1.1,0.3,1.2,1.4,2.4,13.3,0
33,78,24,28.3,3.5,8.7,0.399,0.8,2.4,0.347,2.6,6.3,0.419,0.448,1.7,2.3,0.718,0.8,3.1,4,1.5,0.8,0.3,1.1,2,9.5,0
34,63,40,27.5,3.7,8.4,0.438,1.5,4.5,0.343,2.1,3.9,0.549,0.53,1,1.4,0.733,1,3.7,4.6,2,0.9,0.4,1.3,2.9,9.9,0
35,41,0,9.4,1.6,3.8,0.417,0.2,0.8,0.303,1.3,3,0.447,0.449,0.6,0.8,0.813,0.4,1.4,1.8,0.8,0.2,0.2,0.4,0.8,4,0
36,82,73,27.6,4.3,8.8,0.486,0,0.1,0.333,4.3,8.8,0.487,0.487,2.5,2.9,0.858,2,3.8,5.7,1.1,0.4,0.9,1.2,2.3,11.1,0
37,73,56,20.1,1.4,3.8,0.382,1,2.9,0.348,0.4,0.9,0.492,0.515,0.2,0.3,0.652,0.5,1.4,1.9,0.9,0.7,0.5,0.3,1.7,4.1,0
38,82,82,36,4.6,10,0.465,1.8,4.9,0.361,2.9,5.1,0.566,0.554,2,2.5,0.803,1.4,6,7.5,5.1,0.9,0.7,2.5,1.9,13,0
39,41,14,25.3,3.9,9.2,0.418,1.2,3.1,0.395,2.6,6.1,0.43,0.485,1.2,1.5,0.803,0.3,1.8,2.1,3.1,1,0.1,1.5,2.2,10.1,0
39,72,19,23.4,3.4,8.6,0.402,1.1,2.9,0.358,2.4,5.6,0.425,0.464,1.3,1.6,0.797,0.3,1.7,2,2.7,0.8,0.1,1.1,2.2,9.3,0
39,31,5,21,2.9,7.7,0.377,0.8,2.7,0.301,2.1,5,0.417,0.429,1.5,1.8,0.789,0.3,1.6,1.9,2.1,0.6,0.2,0.7,2.3,8.1,0
40,53,4,9.3,1.3,3.1,0.436,0,0,0,1.3,3.1,0.436,0.436,0.4,0.4,0.905,1.1,1.7,2.7,0.6,0,0.1,0.7,1.5,3,0
41,23,15,28,4.8,10.7,0.451,1.4,3.9,0.371,3.4,6.8,0.497,0.518,2,3.2,0.644,0.2,3.1,3.3,3.1,1.3,0.3,2.2,2.6,13.1,0
41,67,15,13.6,2.2,5.1,0.429,0.6,1.9,0.336,1.6,3.2,0.484,0.491,1,1.6,0.606,0.1,1.6,1.7,1.4,0.6,0.2,1.2,1.5,6,0
41,44,0,6.1,0.8,2.2,0.371,0.2,0.9,0.256,0.6,1.3,0.448,0.423,0.4,0.8,0.528,0.1,0.8,0.9,0.5,0.3,0.1,0.6,1,2.3,0
42,73,73,34.7,6.6,15.7,0.419,1.9,4.7,0.402,4.7,11,0.426,0.479,2,2.6,0.788,0.7,3,3.7,3.3,1,0.2,1.8,2.1,17.1,0
43,55,2,15.1,3.2,6.5,0.499,0.4,1,0.389,2.8,5.5,0.518,0.528,1.1,1.4,0.772,0.6,2.6,3.1,0.8,0.4,0.4,1,1.7,7.9,0
44,80,25,25.2,4.2,8.7,0.485,1.6,3.7,0.43,2.6,5,0.525,0.576,1.4,1.6,0.847,0.2,2.6,2.8,2.2,0.6,0.1,1.2,1.6,11.4,0
45,52,0,12.8,1.5,4.3,0.356,0.3,1,0.245,1.3,3.3,0.39,0.384,0.8,1.3,0.638,0.9,2,3,0.3,0.4,0.2,0.9,1.8,4.2,0
46,56,55,31.3,3.6,8.6,0.414,1.6,4.6,0.361,1.9,4,0.473,0.509,1.5,1.8,0.814,1.3,2.2,3.5,2.7,1.4,0.4,1.2,3.1,10.2,0
47,6,0,7.5,0.2,0.2,1,0,0,0,0.2,0.2,1,1,0.2,1,0.167,0.3,2.5,2.8,0,0,0,0.3,1,0.5,0
48,19,7,16.3,1.3,4.2,0.304,0.7,2.5,0.292,0.5,1.6,0.323,0.392,0.5,0.6,0.833,0.2,1.3,1.5,2.2,0.4,0.1,1.3,1.3,3.8,0
49,77,9,13.9,1.1,1.9,0.611,0,0,0,1.1,1.9,0.611,0.611,0.6,1.2,0.517,1.4,3.4,4.8,0.1,0.1,1.1,0.5,1.6,2.9,0
50,78,13,15.6,2.7,5,0.534,0,0,0,2.7,5,0.537,0.534,1,1.6,0.636,1.8,2.9,4.7,0.9,0.8,0.3,1,2.5,6.4,0
51,27,27,33,3.3,8.6,0.378,1.9,4.9,0.397,1.3,3.8,0.353,0.489,1,1.3,0.8,0.3,3.5,3.8,7.6,1.3,0.1,2.6,1.8,9.5,0
51,55,28,27.2,2.4,6.4,0.377,1.4,3.8,0.376,1,2.6,0.378,0.489,0.6,0.8,0.767,0.2,2.7,2.9,5.6,1,0.1,1.9,1.5,6.9,0
51,28,1,21.7,1.6,4.3,0.375,1,2.8,0.342,0.6,1.5,0.439,0.488,0.2,0.3,0.625,0.2,1.8,2,3.6,0.7,0.2,1.1,1.3,4.4,0
52,73,7,22.2,4.4,9.2,0.476,0.2,0.7,0.278,4.2,8.5,0.494,0.487,2.2,3,0.742,1.6,3.7,5.3,1.5,1,0.5,1.5,2.3,11.2,0
53,43,40,32.9,6.2,12.9,0.477,1.2,3.3,0.357,5,9.7,0.517,0.522,4.3,5.5,0.772,0.6,4.1,4.7,5.5,1.6,0.3,3.3,2.3,17.7,0
54,3,0,5,0.7,1.3,0.5,0,0.3,0,0.7,1,0.667,0.5,0.3,1.7,0.2,0,1,1,0.3,0,0,0.7,0.3,1.7,0
55,6,0,9.2,0.5,1,0.5,0.5,1,0.5,0,0,0,0.75,0.5,0.5,1,0,0.5,0.5,0.5,0.2,0,0.2,0.3,2,0
56,67,67,26.4,3.5,5.6,0.627,0,0,0,3.5,5.6,0.627,0.627,0.3,1,0.344,2.7,7.3,10,1.7,0.7,1.8,1.4,3.1,7.3,0
57,61,0,11.3,1.2,2.7,0.445,0.7,1.6,0.429,0.5,1.1,0.47,0.573,0.1,0.2,0.75,0.3,1.9,2.1,0.5,0.2,0.2,0.3,0.8,3.2,0
58,72,45,21.6,3.1,5.6,0.551,0,0,0,3.1,5.6,0.554,0.551,0.7,1.1,0.618,2.1,3.2,5.3,0.9,0.6,0.6,0.8,1.8,6.8,0
59,76,76,28.2,5.9,12.9,0.456,0,0,0,5.9,12.9,0.457,0.456,1.9,2.5,0.767,1.8,6.5,8.3,1.6,0.7,0.3,2,2.8,13.7,0
60,79,79,32,6.2,12.1,0.516,0.9,2.8,0.339,5.3,9.3,0.569,0.555,2.8,3.4,0.82,1.2,5.4,6.6,1.1,1,1,1.6,2.4,16.2,0
61,60,58,30.9,6,13.8,0.438,1.3,3.3,0.395,4.7,10.4,0.451,0.485,1.5,1.9,0.804,0.8,3,3.8,1.4,1.1,0.2,1.6,2.4,14.9,0
62,73,15,19.4,2.5,4.5,0.539,0,0,0,2.5,4.5,0.542,0.539,0.8,1.3,0.649,1.3,3.6,4.9,1,0.5,1.2,0.8,2.6,5.7,0
63,81,81,32.2,4.8,10,0.481,0.7,2.6,0.28,4.1,7.4,0.552,0.517,2,2.8,0.718,0.8,1.8,2.6,1.7,1.9,0.4,1.3,2.6,12.3,0
64,24,3,6.7,0.1,0.6,0.2,0,0.3,0.125,0.1,0.3,0.286,0.233,0,0.1,0,0.1,0.5,0.6,0.4,0.3,0,0.1,0.2,0.3,0
64,23,3,6.9,0.1,0.7,0.2,0,0.3,0.125,0.1,0.3,0.286,0.233,0,0.1,0,0.1,0.5,0.6,0.4,0.3,0,0.1,0.2,0.3,0
65,29,12,29,4.4,11,0.406,1.4,4,0.362,3,7,0.431,0.472,1.6,1.8,0.902,0.7,2,2.7,5.2,0.9,0.2,2.3,2.4,11.9,0
65,72,12,21.6,3.2,8.1,0.401,1.3,3.4,0.387,1.9,4.6,0.411,0.484,1.2,1.3,0.874,0.6,1.3,1.9,3.2,0.7,0.2,1.6,2,9,0
65,43,0,16.7,2.4,6.1,0.395,1.3,3.1,0.409,1.2,3,0.382,0.498,0.9,1,0.841,0.5,0.9,1.4,1.9,0.6,0.1,1.2,1.8,7,0
66,18,0,12.7,2.4,4.9,0.489,0.6,1.1,0.579,1.8,3.8,0.464,0.551,1,1.4,0.692,0.4,1.2,1.7,1.2,0.7,0.2,0.9,0.9,6.4,0
66,35,0,9,1.6,3.6,0.456,0.4,0.7,0.52,1.3,2.9,0.44,0.508,0.9,1.3,0.727,0.3,1.3,1.5,0.7,0.4,0.1,0.7,0.6,4.5,0
66,10,0,7.3,0.9,2.4,0.375,0.2,0.4,0.5,0.7,2,0.35,0.417,1.1,1.4,0.786,0.1,1.8,1.9,0.4,0.1,0.1,0.7,0.5,3.1,0
66,7,0,2.1,0.7,1.9,0.385,0,0.3,0,0.7,1.6,0.455,0.385,0.4,0.6,0.75,0.1,0.6,0.7,0,0.1,0,0,0,1.9,0
67,26,0,8.6,1,3.3,0.302,0.1,1.2,0.1,0.9,2.2,0.411,0.32,0.3,0.5,0.692,0.3,0.8,1.1,1.6,0.5,0.1,0.6,0.7,2.5,0
68,10,1,10.3,0.8,2.8,0.286,0,0.2,0,0.8,2.6,0.308,0.286,0.7,0.9,0.778,0.1,1.2,1.3,0.5,0.1,0,0.8,1.2,2.3,0
68,29,1,8.7,0.8,2.3,0.364,0,0.1,0,0.8,2.2,0.375,0.364,0.5,0.7,0.714,0.2,0.7,1,0.3,0.4,0,0.6,0.8,2.2,0
68,19,0,7.8,0.8,2,0.421,0,0,0,0.8,2,0.421,0.421,0.4,0.6,0.667,0.3,0.5,0.8,0.2,0.6,0,0.5,0.6,2.1,0
69,6,6,29.5,5.2,12.2,0.425,0.5,2.7,0.188,4.7,9.5,0.491,0.445,3,3.5,0.857,0.3,4,4.3,6.3,1.2,0.2,5.7,1.5,13.8,0
70,41,8,18.3,2.4,6.2,0.394,1,2.9,0.35,1.4,3.3,0.433,0.476,0.8,1,0.821,0.5,2,2.5,0.8,0.5,0,0.6,1.4,6.7,0
71,43,0,9.2,1,2.8,0.355,0.5,1.7,0.301,0.5,1.1,0.438,0.446,0.2,0.2,0.778,0.3,1,1.3,0.3,0.2,0,0.3,0.6,2.7,0
72,70,68,32.3,4.9,12.8,0.38,1.6,4.8,0.33,3.3,8,0.41,0.442,1.5,1.6,0.903,0.5,2.4,3,5.7,0.6,0.1,1.9,2.1,12.8,0
73,78,12,28.1,4.9,10.7,0.457,0.6,1.8,0.35,4.2,8.8,0.48,0.487,3.6,4.8,0.748,0.8,2.5,3.3,2.7,0.9,0.2,1.9,2.4,14,0
74,34,13,24.1,4,10.4,0.387,1.6,4.3,0.361,2.5,6.1,0.406,0.462,1.4,1.6,0.839,0.5,4.2,4.6,1.6,0.7,0.3,1.5,1.9,11,0
74,56,13,25.3,3.8,9.6,0.394,1.8,4.4,0.394,2.1,5.2,0.395,0.485,1.1,1.3,0.84,0.4,3.7,4.1,1.5,0.8,0.3,1.1,2.1,10.5,0
74,22,0,27.2,3.5,8.5,0.409,2,4.6,0.441,1.4,3.8,0.369,0.53,0.7,0.9,0.842,0.2,3,3.2,1.2,1.1,0.3,0.4,2.5,9.7,0
75,67,67,38.7,4.1,10.3,0.397,1,3.6,0.283,3.1,6.8,0.457,0.446,3.9,5,0.769,1.3,3.6,4.9,2.6,1.9,0.5,1.5,1.6,13.1,0
76,50,2,7.6,1,2.2,0.464,0.5,1.2,0.419,0.5,1,0.521,0.582,0.2,0.3,0.571,0.1,0.7,0.8,0.3,0.1,0.2,0.2,0.6,2.7,0
77,14,0,10.4,1.1,3.4,0.313,0.4,1.2,0.294,0.7,2.2,0.323,0.365,0.6,0.6,0.889,0.3,1.4,1.6,0.7,0.6,0,0.7,0.8,3.1,0
78,2,0,18,4.5,11,0.409,0,0,0,4.5,11,0.409,0.409,2.5,3.5,0.714,3,6.5,9.5,1,0,0.5,2,1.5,11.5,0
78,26,19,19.8,3.6,8.7,0.418,0,0,0,3.6,8.7,0.418,0.418,1.4,1.9,0.755,2,3.5,5.6,1.1,0.2,1.1,1.3,1.2,8.7,0
78,24,19,20,3.5,8.5,0.419,0,0,0,3.5,8.5,0.419,0.419,1.3,1.8,0.762,2,3.3,5.3,1.1,0.3,1.2,1.3,1.2,8.4,0
79,56,3,18.8,3.3,7.7,0.428,0.4,1.1,0.323,2.9,6.6,0.446,0.451,1.7,2.2,0.802,0.4,1.3,1.8,3.9,0.7,0.1,1.8,2.2,8.7,0
80,71,7,16.5,2,4.4,0.457,0.3,0.9,0.311,1.7,3.5,0.492,0.487,0.6,1,0.611,0.3,1.6,1.9,2.9,0.9,0.1,1.4,1.6,4.9,0
81,81,81,30.5,4.2,9.2,0.456,2.4,5.2,0.449,1.9,4,0.464,0.584,0.6,0.8,0.825,0.4,2,2.4,4.7,0.9,0.1,1.3,1.7,11.4,0
82,80,41,19.8,2.3,5.8,0.396,0.7,2.3,0.319,1.5,3.4,0.447,0.46,0.6,0.8,0.77,0.5,1.5,2,0.7,0.9,0.2,0.4,1.8,5.9,0
83,22,0,11.5,1.4,4,0.356,0.8,2.5,0.327,0.6,1.5,0.406,0.46,1,1.3,0.724,0.3,0.8,1.1,1,0.4,0.2,1,1.1,4.6,0
84,73,73,32.1,4.1,8.8,0.47,1.3,3.7,0.362,2.8,5.1,0.548,0.546,1.5,1.9,0.773,1.5,4.1,5.5,1.8,1.5,0.3,1.1,2.6,11.1,0
85,81,0,24.4,4.1,10,0.407,1.8,4.6,0.394,2.3,5.4,0.418,0.497,2,2.4,0.821,0.8,2.7,3.5,2.6,0.8,0.4,1.3,2.6,11.9,0
86,70,70,34.5,6.1,15.1,0.405,0.8,3,0.264,5.3,12.1,0.44,0.431,3.7,5.2,0.703,1.4,4.8,6.2,6.3,1.9,0.6,3.5,3,16.7,0
87,71,2,18.1,2.4,5.8,0.422,0.9,2.5,0.347,1.6,3.3,0.479,0.496,1.2,1.7,0.68,0.8,2.9,3.7,1.2,0.6,0.2,1,1.4,6.9,0
88,73,73,29.8,3.5,7.7,0.454,1.2,3.1,0.385,2.3,4.6,0.5,0.531,1.7,2.2,0.742,0.6,2.4,2.9,4.9,1.6,0.2,2.2,2.9,9.8,0
89,55,55,30.2,3.5,5.9,0.593,0,0,0,3.5,5.8,0.595,0.593,1.8,2.8,0.632,2.9,6.7,9.6,1.1,0.7,1.1,1.3,2.6,8.7,0
90,62,55,31.1,5,11.9,0.416,2,5.7,0.348,3,6.2,0.478,0.499,1.8,2.5,0.724,0.9,3.8,4.7,1.8,0.7,0.5,1.3,3.1,13.6,0
92,31,0,6.4,0.7,2,0.355,0.3,1,0.29,0.4,1,0.419,0.427,0.6,0.8,0.75,0.4,0.8,1.2,0.3,0.1,0.1,0.2,0.6,2.3,0
93,45,17,15.5,2,5.3,0.375,0.9,2.6,0.345,1.1,2.8,0.403,0.458,0.3,0.5,0.583,0.4,2.4,2.8,0.4,0.4,0.4,0.7,1.4,5.2,0
93,54,17,14.2,1.8,4.8,0.372,0.8,2.3,0.336,1,2.6,0.403,0.45,0.4,0.6,0.647,0.4,2.2,2.6,0.3,0.3,0.5,0.6,1.2,4.8,0
93,9,0,7.8,0.8,2.3,0.333,0.1,0.7,0.167,0.7,1.7,0.4,0.357,0.9,1.1,0.8,0.2,1.6,1.8,0.2,0.1,0.7,0.1,0.7,2.6,0
94,23,0,7.5,1.1,2.9,0.388,0.5,1.3,0.355,0.7,1.6,0.417,0.47,0.2,0.3,0.714,0.1,0.7,0.8,0.7,0.3,0.1,0.6,1,3,0
95,21,0,8.8,0.8,2,0.405,0.1,0.9,0.167,0.7,1.1,0.583,0.44,0.5,0.5,0.909,0.4,1.4,1.9,0.6,0.1,0.1,0.5,0.8,2.2,0
96,82,6,24.6,2.5,6.1,0.414,0.7,2.1,0.345,1.8,4,0.451,0.474,0.6,0.8,0.779,0.2,1.7,2,3,0.9,0.1,1.5,1.9,6.4,0
97,22,1,7.8,0.5,1.1,0.458,0,0.1,0,0.5,1,0.524,0.458,0.1,0.2,0.75,0.3,0.5,0.9,0.2,0.4,0,0.3,1.4,1.1,0
98,80,35,25.9,4.1,8.7,0.467,0.9,2.4,0.376,3.2,6.3,0.501,0.518,2.4,2.8,0.857,0.6,1.8,2.4,3.7,1.2,0.2,1.7,1.9,11.4,0
99,81,0,16.7,1.7,3,0.556,0,0.2,0.235,1.6,2.8,0.58,0.564,0.8,1.1,0.71,1.4,2.2,3.6,1.3,0.4,0.3,0.9,2.3,4.2,0
100,73,73,33.5,6.3,14.1,0.45,1.4,4,0.361,4.9,10.1,0.484,0.5,3.1,3.8,0.815,0.6,2.4,2.9,6,1.5,0.2,2.1,1.9,17.2,0
101,41,0,6.5,1.3,2.9,0.47,0.8,1.9,0.418,0.5,0.9,0.579,0.611,0.2,0.3,0.714,0.2,0.6,0.8,0.4,0.1,0.2,0.3,0.9,3.7,0
102,71,71,32.4,8.3,16.8,0.496,0,0.1,0,8.3,16.7,0.499,0.496,6.1,8.4,0.726,3.1,8.6,11.7,2.9,1.5,1.3,3.5,3.8,22.7,0
103,7,0,4.9,0.9,2,0.429,0.6,1.6,0.364,0.3,0.4,0.667,0.571,0,0,0,0.3,0.4,0.7,0,0.3,0,0.1,0.4,2.3,0
104,15,0,6.7,0.8,2.2,0.364,0.4,0.9,0.429,0.4,1.3,0.316,0.455,0.2,0.3,0.75,0.1,0.5,0.6,0.4,0.1,0.1,0.2,0.7,2.2,0
105,69,24,30.3,6.1,14.7,0.416,2.3,6.5,0.361,3.8,8.2,0.46,0.496,4,4.7,0.866,0.5,1.8,2.3,3.2,0.9,0.2,2,1.7,18.6,0
106,39,35,30.7,4.8,11.7,0.413,1.3,4,0.318,3.5,7.6,0.463,0.468,2.8,3.2,0.873,0.5,2.6,3.1,5.7,0.9,0.1,2.2,1.9,13.7,0
106,81,35,23,4,9.7,0.415,1.1,3.5,0.316,2.9,6.2,0.471,0.472,1.8,2.1,0.864,0.3,1.9,2.3,3.5,0.6,0.1,1.7,1.5,11,0
106,42,0,15.7,3.3,7.9,0.417,1,3,0.313,2.4,4.9,0.483,0.477,0.9,1,0.837,0.2,1.3,1.5,1.4,0.3,0,1.2,1,8.4,0
107,78,8,16.1,1.7,3.8,0.439,0.6,1.9,0.331,1,1.9,0.552,0.524,0.6,0.8,0.754,0.6,1.9,2.5,0.8,0.8,0.3,0.5,1.3,4.6,0
108,81,7,20.2,2.9,6.3,0.464,0,0.1,0,2.9,6.2,0.468,0.464,0.5,0.8,0.567,1.4,2.7,4.1,1,0.8,0.7,0.5,1.8,6.3,0
109,8,0,7.3,0.6,2.4,0.263,0.1,0.8,0.167,0.5,1.6,0.308,0.289,1.6,1.8,0.929,0.1,0.5,0.6,0.6,0.4,0,0,1.6,3,0
109,13,0,6.2,0.5,1.6,0.286,0.1,0.5,0.143,0.4,1.1,0.357,0.31,1,1.2,0.813,0.1,0.4,0.5,0.6,0.2,0,0.2,1.2,2,0
109,5,0,4.4,0.2,0.4,0.5,0,0.2,0,0.2,0.2,1,0.5,0,0.4,0,0,0.2,0.2,0.6,0,0,0.4,0.6,0.4,0
110,1,0,9,1,3,0.333,1,1,1,0,2,0,0.5,0,0,0,0,1,1,0,2,0,0,0,3,0
110,2,0,6.5,0.5,1.5,0.333,0.5,0.5,1,0,1,0,0.5,0,0,0,0,0.5,0.5,0,1,0,0,0,1.5,0
111,78,78,36.5,8.4,17.7,0.471,3.3,7.9,0.424,5,9.8,0.509,0.566,3.9,4.5,0.885,0.6,3.7,4.3,8.5,1.6,0.2,3.8,2.5,24,1
112,80,68,20.2,2.7,4.7,0.568,0,0,0,2.7,4.7,0.569,0.568,1.3,1.7,0.737,2.5,4.3,6.8,0.5,0.5,1.2,1.1,2.6,6.6,0
113,5,1,15,3,6.2,0.484,2.4,5,0.48,0.6,1.2,0.5,0.677,0,0,0,0,0.8,0.8,1,0,0,0.6,1.2,8.4,0
114,34,0,7,1,2.9,0.351,0.2,1.1,0.179,0.8,1.7,0.466,0.387,0.2,0.3,0.8,0.4,0.9,1.4,0.3,0.2,0,0.3,0.6,2.4,0
115,51,0,11.3,1.1,2.5,0.422,0,0.2,0.2,1,2.3,0.441,0.43,0.7,1,0.642,0.7,1.4,2.1,0.5,0.5,0.2,0.7,1.8,2.8,0
116,67,66,35.2,7.8,15,0.519,0,0.1,0.222,7.8,14.9,0.522,0.52,5.2,6.6,0.791,3.1,7,10,1.6,1.3,2.8,1.6,3,20.8,0
117,63,4,15.2,2.5,4.6,0.534,0,0,0,2.5,4.6,0.534,0.534,0.7,1.4,0.528,1.5,2.7,4.1,0.4,0.3,0.7,0.6,1.8,5.7,0
118,45,43,30.1,5.2,11.4,0.453,0.1,0.2,0.4,5.1,11.2,0.454,0.457,1.7,2.5,0.675,1.9,4.3,6.3,1.6,1,0.5,1.3,2.5,12.1,0
118,68,44,24.4,4,8.7,0.457,0.1,0.2,0.364,3.9,8.6,0.459,0.46,1.4,2,0.693,1.6,3.6,5.2,1.1,0.9,0.4,1.1,2.3,9.4,0
118,23,1,13.4,1.7,3.5,0.481,0,0,0,1.7,3.5,0.488,0.481,0.8,1,0.783,0.9,2.1,3,0.3,0.5,0.3,0.7,2.1,4.2,0
119,14,1,8.2,1.5,3.9,0.382,0.9,2.1,0.414,0.6,1.9,0.346,0.491,0.3,0.5,0.571,0.2,1.2,1.4,0.4,0.3,0.3,0.4,1,4.1,0
119,22,1,6.7,1.1,3.1,0.353,0.5,1.7,0.324,0.5,1.4,0.387,0.441,0.3,0.5,0.6,0.2,1,1.2,0.4,0.2,0.2,0.2,0.8,3,0
119,8,0,4.1,0.4,1.6,0.231,0,1,0,0.4,0.6,0.6,0.231,0.3,0.4,0.667,0.3,0.6,0.9,0.3,0,0,0,0.5,1,0
120,26,3,11.6,1.6,3.6,0.452,0.4,1.2,0.323,1.2,2.4,0.516,0.505,0.7,0.8,0.818,0.2,1.5,1.7,1.2,0.6,0.1,0.8,1,4.3,0
120,47,3,10.5,1.4,3.3,0.418,0.4,1.1,0.34,1,2.1,0.46,0.477,0.7,0.7,0.886,0.3,1.3,1.6,1.4,0.5,0.1,0.7,1,3.8,0
120,21,0,9.2,1,2.9,0.367,0.4,1,0.364,0.7,1.8,0.368,0.433,0.6,0.6,1,0.4,1,1.3,1.6,0.3,0.1,0.7,1.1,3.1,0
121,16,6,14.6,1.4,3.3,0.434,0,0,0,1.4,3.3,0.434,0.434,0.8,1.1,0.765,1.7,3.2,4.9,0.1,0.4,0.8,0.6,2.3,3.7,0
121,11,0,13.6,1.4,2.6,0.517,0,0,0,1.4,2.6,0.517,0.517,0.6,1.2,0.538,1,3.5,4.5,0.3,0,0.8,0.8,2.5,3.4,0
121,31,6,12.6,1.2,2.7,0.458,0,0,0,1.2,2.7,0.458,0.458,0.7,1,0.656,1.2,2.9,4.1,0.2,0.2,0.7,0.6,2.1,3.1,0
121,4,0,1.5,0,0.3,0,0,0,0,0,0.3,0,0,0.3,0.5,0.5,0,0,0,0,0,0,0,0.3,0.3,0
122,72,4,17.7,1.7,4.1,0.412,0.8,2.2,0.368,0.9,2,0.461,0.508,0.5,0.7,0.792,0.4,1.3,1.7,2.6,0.5,0.1,0.8,1.7,4.7,0
123,23,23,37.4,7,15.4,0.452,0.7,2.7,0.274,6.2,12.7,0.49,0.476,4.4,5.4,0.815,1.7,5.1,6.9,3.7,1,0.2,2.6,2.3,19,0
123,63,63,35.1,5.9,13.7,0.431,0.9,3,0.302,5,10.7,0.468,0.465,3.4,4.3,0.791,1.6,4.2,5.7,2.9,1,0.1,1.8,1.8,16,0
123,40,40,33.8,5.3,12.7,0.417,1,3.2,0.315,4.3,9.5,0.451,0.457,2.8,3.6,0.771,1.5,3.6,5.1,2.5,1,0.1,1.4,1.5,14.3,0
124,79,79,38.2,7.6,17.8,0.429,0.8,2.7,0.305,6.8,15.2,0.451,0.452,6.6,8,0.824,0.6,3.7,4.3,4,1.1,0.4,2.2,2.5,22.7,0
125,79,24,25,3.8,7.3,0.521,0.6,1.4,0.402,3.3,5.9,0.549,0.559,0.9,1.2,0.739,0.9,3.2,4.1,2.8,0.6,0.4,1.5,1.8,9.1,0
126,60,15,13.6,1.9,3.8,0.498,0,0,1,1.9,3.8,0.496,0.5,1,1.6,0.634,1.7,3.3,5,0.7,0.5,0.8,0.9,1.8,4.8,0
127,27,17,15.2,1.5,3.9,0.394,0.4,1.6,0.279,1.1,2.3,0.475,0.452,0.7,1,0.769,0.5,1.7,2.3,1.8,0.5,0.1,0.7,1.7,4.2,0
127,51,17,13.2,1.4,3.7,0.384,0.6,2,0.304,0.8,1.7,0.477,0.466,0.5,0.7,0.735,0.4,1.4,1.7,1.3,0.4,0.1,0.7,1.6,4,0
127,24,0,11,1.3,3.6,0.372,0.8,2.5,0.322,0.5,1.1,0.481,0.483,0.2,0.3,0.625,0.2,0.9,1.1,0.8,0.3,0.1,0.7,1.4,3.7,0
128,49,8,20.7,2.3,5.1,0.44,1,2.7,0.386,1.2,2.4,0.5,0.542,1.3,1.7,0.805,0.3,2.1,2.4,1,0.6,0.3,0.7,1.2,6.9,0
129,76,75,35.1,7.3,14.4,0.505,1.6,3.9,0.408,5.7,10.4,0.542,0.561,4.2,5.5,0.76,0.9,2.3,3.2,5.9,1.4,0.3,2.8,2.7,20.3,1
130,81,81,32.3,5.9,9.5,0.623,0,0,0,5.9,9.5,0.625,0.623,1.7,4,0.418,5.4,7.8,13.2,0.4,1.2,1.6,1.4,3.4,13.5,0
131,74,43,23.4,2.6,6,0.438,1.1,3,0.36,1.6,3,0.518,0.529,0.5,0.8,0.655,0.5,1.7,2.2,1.4,0.6,0.1,0.8,2,6.9,0
132,74,74,29.2,6,12.2,0.49,0,0.1,0,6,12.2,0.493,0.49,3.1,4.3,0.731,2.1,7.6,9.7,3,0.6,1.9,2.1,1.8,15.1,0
133,82,61,31.5,4.1,9.4,0.43,1.5,4,0.38,2.6,5.5,0.467,0.51,1.7,2,0.854,0.6,3.6,4.2,2.3,0.8,0.6,1.3,2,11.3,0
134,81,81,38.5,10.5,20.8,0.503,2.4,6.1,0.391,8.1,14.8,0.549,0.56,8.7,9.9,0.873,0.7,6.7,7.4,5.5,1.3,0.7,3.5,2.1,32,1
135,2,0,6,0.5,1.5,0.333,0,0,0,0.5,1.5,0.333,0.333,0,0,0,0.5,0.5,1,0,0,0,0.5,0.5,1,0
136,45,1,8.7,1.2,2.8,0.437,0.6,1.3,0.424,0.7,1.5,0.448,0.536,0.2,0.2,0.909,0.2,0.8,1,0.4,0.4,0,0.2,0.7,3.2,0
137,82,82,36.9,7,15.6,0.451,0.8,2.5,0.33,6.2,13,0.474,0.478,4.1,5.2,0.788,0.5,3.1,3.6,5.7,1.7,0.3,3.2,2.4,19,0
138,2,0,13.5,1.5,3,0.5,0,0,0,1.5,3,0.5,0.5,0,0,0,0,0.5,0.5,0,0,0.5,0,2.5,3,0
139,66,4,18.3,2.7,5,0.527,0,0,0,2.7,5,0.53,0.527,0.8,1.1,0.68,1.8,2.9,4.7,0.7,0.6,0.7,0.6,2.1,6.1,0
140,24,14,20.8,2,3.8,0.527,0,0,0,2,3.8,0.527,0.527,1.5,2.7,0.569,2.6,5.1,7.7,0.7,1,0,1.3,2.7,5.5,0
140,54,20,16.6,1.3,2.8,0.473,0,0,0,1.3,2.8,0.473,0.473,1.3,2.4,0.554,2.1,4.1,6.2,0.4,0.7,0.1,1.1,2.2,4,0
140,30,6,13.3,0.8,2,0.39,0,0,0,0.8,2,0.39,0.39,1.2,2.2,0.538,1.8,3.2,5,0.2,0.4,0.1,0.9,1.8,2.7,0
141,72,22,28.2,5.4,12.5,0.436,0.3,1.3,0.221,5.1,11.1,0.461,0.448,3.3,4.3,0.771,1.1,3.7,4.7,5,1.2,0.3,2.4,2.2,14.5,0
142,80,77,27.2,5.6,10.3,0.545,0,0,0,5.6,10.2,0.547,0.545,2.5,3.9,0.65,3,5.6,8.6,1.2,0.9,0.9,1.7,2.4,13.7,0
143,41,5,22.2,3.7,8.9,0.415,1.7,3.9,0.438,2,5,0.397,0.511,1.1,1.4,0.746,0.5,2,2.5,4.9,0.9,0.2,2.3,1.6,10.1,0
144,37,8,13.2,1.7,4,0.435,0.3,1.1,0.3,1.4,2.9,0.486,0.476,0.6,1,0.649,1.1,2.3,3.5,0.4,0.4,0.7,1.1,2,4.4,0
145,73,73,30.2,5.3,10.2,0.522,0,0,0,5.3,10.2,0.523,0.522,2.6,3.9,0.669,2.7,6,8.7,1.2,1,1.5,1.8,3.2,13.3,0
146,7,0,5.4,1,2,0.5,0.3,0.7,0.4,0.7,1.3,0.556,0.571,0.4,0.6,0.75,0.1,0.7,0.9,0.6,0,0,0.6,0.6,2.7,0
147,65,65,31,3.7,9.4,0.395,1,3,0.318,2.7,6.4,0.431,0.446,1.4,1.9,0.721,0.8,2.2,3,5.6,1.2,0.4,2,2.4,9.7,0
148,30,2,10.7,0.9,2.2,0.403,0,0.2,0,0.9,2.1,0.435,0.403,0.5,0.7,0.636,0.5,1.5,2,0.7,0.3,0.1,0.4,0.8,2.3,0
149,81,0,17.6,1.7,4.5,0.391,1.1,2.8,0.384,0.7,1.6,0.402,0.512,0.7,0.9,0.775,0.1,1.4,1.5,1.4,0.9,0,0.6,1.9,5.2,0
150,76,4,19.8,3,7.2,0.419,1.2,3.1,0.376,1.8,4,0.453,0.501,1.2,1.6,0.756,0.4,2.2,2.7,1.5,0.4,0.1,1.3,2.4,8.4,0
151,81,78,30.7,4.5,10.8,0.413,2.3,6.1,0.38,2.1,4.7,0.456,0.521,1.9,2.3,0.849,0.4,2.4,2.9,3.5,0.8,0.5,1.8,2.5,13.2,0
152,21,0,7.7,0.8,1.9,0.41,0.2,0.5,0.455,0.5,1.3,0.393,0.474,0.1,0.1,1,0.2,0.9,1.1,0.3,0.2,0.1,0.5,1.1,1.9,0
153,41,0,11.3,2.3,4.8,0.475,0.9,1.8,0.493,1.4,3,0.464,0.566,0.4,0.5,0.895,0.2,0.9,1.1,1.5,0.3,0.1,1.1,0.7,5.9,0
153,49,0,10.6,2.2,4.6,0.471,0.8,1.7,0.476,1.4,2.9,0.469,0.559,0.4,0.4,0.905,0.2,0.9,1.1,1.3,0.3,0.1,1,0.7,5.6,0
153,8,0,7,1.6,3.6,0.448,0.5,1.4,0.364,1.1,2.3,0.5,0.517,0.3,0.3,1,0.1,0.8,0.9,0.4,0,0,0.5,0.9,4,0
154,52,0,14,1.5,3.1,0.475,0,0,0,1.5,3.1,0.481,0.475,0.4,0.6,0.69,1.7,2.3,4,0.7,0.2,0.4,0.6,1.8,3.3,0
155,82,82,28.2,4.1,9.5,0.432,2,5.3,0.37,2.1,4.2,0.509,0.535,1,1.2,0.821,0.9,4.2,5.1,1.2,0.7,0.8,1.1,3,11.1,0
156,55,4,19.7,2.1,5.3,0.401,1.3,3.5,0.358,0.9,1.8,0.485,0.519,0.2,0.3,0.526,0.4,1.8,2.2,1.1,0.5,0.6,0.5,2.2,5.7,0
157,54,54,20.5,2.9,6.6,0.441,0,0.1,0,2.9,6.5,0.445,0.441,0.7,0.9,0.809,1.1,5.5,6.6,1.5,0.8,0.7,1.3,2.3,6.5,0
158,71,0,14.8,1.4,3.7,0.381,0.5,1.4,0.375,0.9,2.4,0.385,0.449,0.1,0.2,0.833,0.2,1.2,1.4,1.7,0.6,0.1,1.1,1.1,3.5,0
159,59,59,33.4,5.7,12.1,0.473,0,0.2,0.182,5.7,11.9,0.477,0.474,3.1,4.1,0.768,1.4,5.8,7.2,3.6,1,1.3,1.9,2.5,14.6,0
160,60,60,31.4,7.1,14.8,0.48,0.1,0.2,0.286,7,14.5,0.483,0.482,3.1,4.2,0.736,2.1,7.6,9.7,3.4,0.5,1.5,2.4,2.1,17.4,0
161,55,55,34.4,7.4,15.3,0.482,0.8,2.5,0.312,6.6,12.8,0.516,0.508,4.5,5.4,0.836,1.5,4,5.5,3.1,1.2,0.6,3,2.3,20.1,0
161,73,73,34.7,7.4,16.2,0.455,0.9,2.7,0.33,6.5,13.5,0.481,0.483,4.4,5.3,0.822,1.5,4.4,6,2.9,1.3,0.8,3.1,2.3,20,0
161,18,18,35.5,7.2,18.6,0.388,1.2,3.3,0.373,6,15.3,0.391,0.421,3.8,4.9,0.773,1.6,5.8,7.4,2.2,1.6,1.3,3.3,2.6,19.4,0
162,65,24,15.7,1.5,3.6,0.415,0.3,0.9,0.328,1.2,2.7,0.444,0.456,0.7,0.9,0.705,0.5,1.8,2.3,0.7,0.6,0.2,0.7,1.5,4,0
163,80,80,36.2,7.2,17,0.424,2.3,6.3,0.364,4.9,10.8,0.458,0.49,5,5.8,0.864,0.8,6,6.8,3.5,1.9,0.3,2.8,2.5,21.7,1
164,82,8,28.7,5.2,10.9,0.479,0,0.1,0,5.2,10.8,0.483,0.479,2.6,3.4,0.751,2.4,4.4,6.8,1.1,0.5,1.4,1.8,2.5,13,0
165,68,3,22.8,4.3,9.2,0.469,1.3,3.8,0.349,3,5.4,0.553,0.541,2.4,2.8,0.851,0.4,2.5,3,4.3,1,0.3,2,1.9,12.3,0
166,45,0,9.6,0.8,1.6,0.486,0,0,0,0.8,1.6,0.486,0.486,0.7,1.4,0.492,1.1,2.3,3.4,0.2,0.2,0.9,0.7,1.3,2.3,0
167,5,0,6.8,0.6,1.6,0.375,0,0.4,0,0.6,1.2,0.5,0.375,0,0,0,0,0.8,0.8,0.2,0,0,0.2,1,1.2,0
168,22,0,18,3.5,6.5,0.531,0.3,0.8,0.412,3.1,5.7,0.548,0.556,1.1,1.2,0.889,1.7,3.5,5.2,0.7,0.5,0.3,0.8,2.4,8.3,0
169,52,0,10.3,1.5,3.2,0.455,0.1,0.7,0.139,1.4,2.5,0.542,0.47,0.7,1.1,0.673,0.5,1.2,1.7,0.4,0.4,0.2,0.8,0.9,3.7,0
170,19,0,14.7,1.9,5.7,0.343,0.4,1.5,0.276,1.5,4.2,0.367,0.38,0.9,1.1,0.81,0.2,1.3,1.4,1.1,0.5,0.1,1.1,0.9,5.2,0
171,64,64,32.1,5.6,12.8,0.436,1.6,4,0.391,4,8.7,0.456,0.498,2.7,3.5,0.785,0.5,2.1,2.6,3.3,1.2,0.2,2.1,1.8,15.4,0
172,81,80,32.8,5.6,10.4,0.542,0,0,1,5.6,10.4,0.541,0.542,1.9,2.8,0.686,2.5,7,9.5,1.7,0.5,1.5,1.6,2.5,13.2,0
173,29,2,22.5,2.8,7.7,0.359,1.1,3.2,0.33,1.7,4.4,0.38,0.428,1.8,1.8,0.962,0.8,2.8,3.6,1.1,0.3,0.4,1.2,1.4,8.3,0
173,41,2,20.7,2.8,7.5,0.378,1,3.1,0.336,1.8,4.4,0.408,0.448,1.5,1.6,0.94,0.8,2.5,3.2,1,0.3,0.4,1.1,1.5,8.2,0
173,12,0,16.2,3,7,0.429,1,2.8,0.353,2,4.2,0.48,0.5,1,1.2,0.857,0.6,1.8,2.3,0.7,0.3,0.3,0.8,1.8,8,0
174,37,6,9.6,0.7,1.6,0.443,0,0,0,0.7,1.6,0.45,0.443,0.3,0.5,0.55,1.1,1.9,3,0.6,0.3,0.2,0.8,1.7,1.8,0
174,33,6,10.2,0.8,1.8,0.431,0,0,0,0.8,1.7,0.439,0.431,0.3,0.5,0.556,1.2,1.9,3.1,0.6,0.3,0.2,0.8,1.7,1.8,0
174,4,0,5,0.5,0.8,0.667,0,0,0,0.5,0.8,0.667,0.667,0.3,0.5,0.5,0.8,1.3,2,0.8,0,0,1,1.8,1.3,0
175,68,59,24.3,3.2,7.4,0.432,1.9,4.7,0.415,1.3,2.8,0.46,0.562,0.7,0.9,0.794,0.4,3,3.4,1.5,1,0.9,1.1,1.6,9.1,0
176,82,12,21.9,2.3,5.6,0.407,0.7,2,0.333,1.6,3.6,0.449,0.467,1,1.5,0.667,1,3.9,5,1.9,1.2,0.9,1.1,2.8,6.2,0
177,82,48,28.4,5.5,12.3,0.445,2.5,6.2,0.4,3,6,0.492,0.547,2.4,2.8,0.848,0.6,2.8,3.4,1.5,0.9,0.5,1.8,2.7,15.8,0
178,82,82,34.2,5.9,14.3,0.412,1.6,4.8,0.341,4.2,9.5,0.448,0.469,3.5,4.3,0.795,0.7,4,4.6,1.7,0.7,0.6,2,2.2,16.9,0
179,55,9,15.8,1.9,4.9,0.376,0.7,2.2,0.339,1.1,2.7,0.407,0.452,0.5,0.6,0.824,0.2,1.2,1.4,0.9,0.4,0.2,0.6,1.7,5,0
180,80,80,35.8,9,17,0.528,0.2,0.6,0.273,8.8,16.4,0.537,0.533,6,8.4,0.715,2.4,7.1,9.5,3.9,1.2,0.6,2.8,3.3,24.1,1
181,15,2,16.3,1.7,3.6,0.463,0.2,0.8,0.25,1.5,2.8,0.524,0.491,0.6,0.8,0.75,0.2,1.3,1.5,2,0.7,0.1,0.9,2.5,4.1,0
182,39,11,17.2,2.5,6.5,0.39,1.2,3.3,0.349,1.4,3.2,0.432,0.478,0.6,0.8,0.742,0.6,2.8,3.4,0.9,0.8,0.3,0.7,0.8,6.8,0
182,60,12,17,2.5,6.3,0.391,1.2,3.3,0.354,1.3,3,0.433,0.484,0.7,0.9,0.784,0.5,2.7,3.2,0.9,0.7,0.3,0.8,1.1,6.7,0
182,21,1,16.6,2.3,5.8,0.393,1.2,3.3,0.362,1.1,2.5,0.434,0.496,0.8,1,0.85,0.4,2.5,2.9,0.9,0.6,0.3,0.9,1.7,6.6,0
183,7,0,9.7,1.3,2.9,0.45,0.4,1.3,0.333,0.9,1.6,0.545,0.525,0.7,0.7,1,0.6,0.4,1,0,0.6,0,0.4,1.1,3.7,0
183,8,0,9,1.1,2.5,0.45,0.4,1.1,0.333,0.8,1.4,0.545,0.525,0.6,0.6,1,0.5,0.4,0.9,0,0.6,0,0.5,1,3.3,0
184,64,4,15.3,1.5,3.1,0.474,0,0,0,1.5,3,0.479,0.474,2,2.9,0.681,1.9,2.6,4.5,0.3,0.4,0.3,0.7,2.1,4.9,0
185,81,1,23.1,3.6,8.5,0.428,1.6,4.4,0.363,2,4.1,0.498,0.523,1.3,1.6,0.828,0.2,1.3,1.5,0.8,0.5,0.1,0.6,1.8,10.2,0
186,73,73,38,7.5,16.5,0.456,2.4,6.6,0.366,5.1,9.9,0.515,0.529,7.9,9.1,0.866,0.8,3.9,4.7,6.1,1.6,0.4,3.6,2.4,25.4,1
187,80,41,24.4,2.8,6,0.464,0.7,1.9,0.383,2.1,4.1,0.502,0.525,1.1,1.8,0.594,0.9,2.4,3.3,1,1.2,0.6,1.1,1.8,7.4,0
188,32,0,9.9,1.2,2.6,0.463,0.4,1,0.387,0.8,1.6,0.51,0.537,0.2,0.2,0.714,0.9,1.4,2.4,0.5,0.2,0.5,0.3,1.4,2.9,0
189,34,0,15,2.4,6.1,0.396,1,2.9,0.34,1.4,3.1,0.449,0.478,0.8,1,0.771,0.4,1.9,2.4,0.8,0.4,0,1,2.1,6.6,0
190,40,0,20.5,2.4,6.4,0.378,0.8,2.5,0.307,1.6,3.8,0.425,0.439,2.3,2.9,0.8,0.2,1.9,2.1,4.5,0.7,0.1,1.5,1.8,7.9,0
191,2,0,5.5,0,0.5,0,0,0,0,0,0.5,0,0,0,0,0,0.5,0,0.5,0.5,0.5,0,0,0,0,0
192,9,0,20,3.1,7.8,0.4,0.8,2.2,0.35,2.3,5.6,0.42,0.45,1.1,1.3,0.833,0.8,3,3.8,1.2,0.4,0.1,1,1.1,8.1,0
193,20,0,11.3,1.5,3.1,0.475,0,0.1,0,1.5,3,0.492,0.475,1.3,1.4,0.963,0.8,0.9,1.7,0.3,0.8,0.4,0.6,1.8,4.2,0
194,61,36,30.3,5.4,11.7,0.464,0.5,2.1,0.254,4.9,9.7,0.508,0.486,3.2,4,0.807,1.4,5.5,7,1.3,0.7,0.4,1.3,2.3,14.6,0
195,46,18,14.2,1.6,3.2,0.507,0,0,0,1.6,3.2,0.507,0.507,0.5,1,0.568,0.9,2.9,3.8,0.3,0.2,0.3,0.5,1.7,3.8,0
196,27,25,29.8,5.1,11,0.468,1.7,3.9,0.448,3.4,7.1,0.479,0.547,1.5,1.9,0.784,1.6,6.1,7.7,2.4,0.5,1,2,3.1,13.5,0
196,80,78,30.9,5,11,0.456,1.6,3.9,0.416,3.4,7.2,0.478,0.529,1.5,1.9,0.783,1.6,6.6,8.3,3,0.6,1.2,2.2,3,13.2,0
196,53,53,31.4,5,11.1,0.451,1.5,3.8,0.399,3.5,7.2,0.478,0.52,1.5,1.9,0.782,1.7,6.9,8.5,3.3,0.6,1.3,2.2,2.9,13,0
197,61,1,12.4,0.9,2.1,0.431,0,0,0,0.9,2.1,0.434,0.431,0.3,0.4,0.8,1.1,2.3,3.4,0.6,0.6,0.2,0.5,1.6,2.2,0
197,45,0,12.8,0.9,2.2,0.429,0,0,0,0.9,2.2,0.433,0.429,0.3,0.4,0.833,1.1,2.5,3.6,0.6,0.5,0.2,0.6,1.7,2.2,0
197,16,1,11.2,0.9,2,0.438,0,0,0,0.9,2,0.438,0.438,0.3,0.4,0.714,1.3,1.7,2.9,0.4,0.7,0.1,0.4,1.1,2.1,0
198,77,77,36.4,5.5,13.4,0.413,1.1,3.6,0.304,4.4,9.8,0.453,0.454,4,4.9,0.816,0.8,4.3,5.1,5.2,1.4,0.5,2.8,2,16.2,0
199,77,77,32,5.2,12.1,0.433,0.5,1.5,0.348,4.7,10.6,0.445,0.455,3.1,4,0.761,0.4,3.6,4,2.6,0.7,0.4,1.5,2.1,14,0
200,43,5,21.1,3.3,8,0.417,0.7,1.9,0.346,2.7,6.1,0.439,0.458,2.7,4.1,0.655,0.6,2.1,2.7,1.2,1,0.2,1.3,1.8,10,0
201,70,23,26.5,4.9,9.1,0.538,0,0,0,4.9,9.1,0.539,0.538,1.3,2.5,0.514,2.4,4.7,7.1,1.6,0.6,1.7,1.6,2.6,11.1,0
202,81,81,29.7,4.1,9.3,0.439,0,0.1,0.4,4.1,9.2,0.439,0.44,2.6,3.3,0.77,2.5,4.1,6.6,1.1,0.4,2.2,1.8,3.3,10.8,0
203,69,52,26.9,4.8,9.5,0.508,0,0.1,0,4.8,9.4,0.514,0.508,2.2,4.2,0.517,3,6.2,9.2,1.4,0.7,0.7,1.9,2.6,11.8,0
204,53,37,29.4,5.6,11.2,0.503,0,0.1,0.2,5.6,11.1,0.506,0.504,2.9,5,0.583,1.2,4.3,5.5,2.9,1.2,0.9,2.2,3.1,14.2,0
205,76,76,32,3.6,8.1,0.442,1.3,3.4,0.365,2.3,4.7,0.497,0.519,1.9,2.3,0.807,0.7,3,3.7,3.5,1,0.3,1.2,2.1,10.3,0
206,72,32,20.8,4,7.2,0.549,0,0,0,4,7.2,0.55,0.549,1.7,2.5,0.685,2.7,4.7,7.4,0.8,0.4,0.9,1,2.4,9.7,0
207,28,0,8.1,0.6,1.4,0.425,0.3,0.8,0.304,0.4,0.6,0.588,0.513,0.2,0.3,0.857,0.3,1.1,1.5,0.4,0.2,0.1,0.5,0.7,1.7,0
208,73,61,29,3.3,8.5,0.393,1.2,3.3,0.351,2.2,5.2,0.419,0.461,1.3,1.7,0.76,0.4,2.2,2.6,3.9,1.1,0.4,1.6,2.8,9.1,0
209,34,34,33.6,6,13.4,0.447,0.9,2.3,0.39,5.1,11.1,0.459,0.48,1.5,1.9,0.81,0.8,3.4,4.2,7.9,1.6,0.4,3.1,2.7,14.3,0
210,61,0,7.9,0.9,1.2,0.736,0,0,0,0.9,1.2,0.736,0.736,0.6,0.9,0.625,0.5,1,1.5,0.1,0.1,0.5,0.5,1.4,2.3,0
211,2,0,3.5,0,2,0,0,1,0,0,1,0,0,0.5,1,0.5,0,0,0,0.5,0.5,0,0,0,0.5,0
212,29,29,33,8.2,14.5,0.567,0.1,0.4,0.364,8.1,14.1,0.572,0.571,2,2.9,0.682,2.3,6.1,8.4,2.6,0.9,1.5,2.2,1.9,18.6,0
213,71,71,33.7,6.7,11.3,0.591,0,0.1,0.286,6.6,11.2,0.594,0.593,4.9,9,0.547,3.3,8.9,12.2,1.8,0.8,1.8,3.2,3.4,18.3,1
214,53,5,12.4,1.3,3.3,0.379,0.6,1.7,0.36,0.7,1.7,0.398,0.469,0.3,0.3,0.938,0.7,1.8,2.5,0.4,0.3,0,0.2,1.1,3.4,0
215,69,30,19.9,3.3,6.7,0.501,0,0,0,3.3,6.7,0.503,0.501,1.7,2.1,0.813,1.8,4.1,5.9,1,0.4,0.9,0.9,2,8.4,0
216,81,81,32.9,6.5,12.1,0.536,0.3,0.7,0.383,6.2,11.3,0.546,0.548,1.9,2.5,0.784,2.8,6,8.8,1,0.5,2.7,1.5,2.9,15.1,0
217,63,63,32.4,3.5,7.3,0.48,1,2.8,0.354,2.5,4.5,0.558,0.548,1.4,2.1,0.652,0.8,3.8,4.7,4.2,1.5,0.3,1.6,1.6,9.3,0
218,55,47,26.9,4.3,10.5,0.409,0.7,2.4,0.282,3.6,8.1,0.446,0.441,1.9,2.4,0.823,1.9,4.3,6.2,1.3,0.8,0.1,1.1,2.5,11.2,0
219,71,71,35.2,7.5,17.4,0.43,1.7,4.8,0.358,5.8,12.6,0.458,0.48,4.1,4.8,0.861,0.7,2.9,3.6,6.1,1.5,0.3,2.7,2.3,20.8,0
220,2,0,2.5,0,1,0,0,0.5,0,0,0.5,0,0,0,0,0,0,0.5,0.5,0,0,0,0,0.5,0,0
221,80,31,28.2,3.6,8.7,0.41,0.8,2.3,0.341,2.8,6.4,0.435,0.455,1.6,1.9,0.839,0.3,2.5,2.8,4.1,0.7,0.3,1.7,1.7,9.5,0
222,80,36,28.5,5,11.5,0.44,1,3.1,0.339,4,8.4,0.477,0.485,2,2.2,0.893,0.5,3.4,3.9,4.1,1.1,0.1,2.1,1.8,13.1,0
223,9,0,11.9,0.7,2.9,0.231,0.1,1.6,0.071,0.6,1.3,0.417,0.25,0.2,0.4,0.5,0.2,0.9,1.1,0.6,0.7,0.1,0.7,1.2,1.7,0
224,30,0,4.9,0.4,0.8,0.478,0,0,0,0.4,0.7,0.5,0.478,0.2,0.4,0.545,0.5,0.9,1.4,0.1,0.1,0.3,0.3,0.8,0.9,0
225,5,1,10,0.4,1.8,0.222,0,0.4,0,0.4,1.4,0.286,0.222,0.4,0.4,1,0.2,2.2,2.4,0.6,0,0.2,0.2,0.6,1.2,0
226,77,77,37.7,10,17.6,0.567,1.5,4,0.379,8.5,13.6,0.622,0.61,5.7,7.6,0.75,1.1,5.9,6.9,6.3,1.6,0.3,3.5,1.6,27.1,1
227,11,0,7,0.5,1.9,0.238,0.1,0.5,0.2,0.4,1.5,0.25,0.262,0,0.2,0,0,0.6,0.6,1.5,0.2,0,0.5,1,1,0
228,22,0,11.3,1.3,4.2,0.315,0.4,1.9,0.195,1,2.3,0.412,0.359,0.8,1.1,0.72,0.4,2.1,2.5,0.3,0.4,0.1,0.3,1.3,3.8,0
229,4,1,8.5,0.8,1.3,0.6,0,0.3,0,0.8,1,0.75,0.6,0.3,0.5,0.5,0.3,1.3,1.5,0.3,0,0,0,0.5,1.8,0
229,6,1,7.8,0.5,1,0.5,0,0.3,0,0.5,0.7,0.75,0.5,0.5,0.7,0.75,0.2,1.3,1.5,0.2,0,0,0.2,0.5,1.5,0
229,2,0,6.5,0,0.5,0,0,0.5,0,0,0,0,0,1,1,1,0,1.5,1.5,0,0,0,0.5,0.5,1,0
230,73,73,35,9.6,18.8,0.509,0,0.2,0.2,9.5,18.6,0.512,0.51,2.6,3.8,0.69,2.1,8.7,10.8,2.1,0.9,1.1,1.7,2.4,21.8,1
231,82,78,27,3.6,8,0.45,1.5,3.7,0.409,2.1,4.3,0.484,0.544,1.5,2,0.741,0.2,2.5,2.7,1.6,0.7,0.2,1.1,2,10.1,0
232,13,0,12.2,1.2,3.2,0.381,0.3,1.4,0.222,0.9,1.8,0.5,0.429,0.3,0.3,1,0.2,1.5,1.7,0.8,0.1,0.1,0.8,0.8,3.1,0
233,80,79,34.1,5.3,14.2,0.373,1.9,5.7,0.337,3.4,8.5,0.397,0.441,3,4,0.751,0.7,2.3,3.1,7.6,1.3,0.1,2.7,2,15.5,0
234,64,0,11.6,1.5,3.3,0.471,0.5,1.2,0.419,1,2.1,0.5,0.546,0.7,0.9,0.729,0.8,1.9,2.7,0.6,0.3,0.1,0.7,1.3,4.2,0
235,77,72,28.8,4.5,7.9,0.562,0.3,0.9,0.303,4.2,7.1,0.593,0.578,1.2,1.9,0.636,2.2,4.3,6.6,1.5,0.7,1.1,1.6,3.5,10.4,0
236,40,0,19.7,2.1,5.4,0.397,1.1,3.2,0.339,1.1,2.2,0.483,0.498,0.9,1.1,0.86,0.8,1.7,2.4,0.8,0.7,0.1,0.6,1.6,6.3,0
237,52,4,18.4,2.8,5.9,0.464,0.4,1.7,0.253,2.3,4.3,0.548,0.5,1.5,1.7,0.844,1.2,2,3.2,2.1,0.8,1.1,1.3,2,7.4,0
238,79,79,32.6,5.8,12.9,0.454,2.1,5.1,0.401,3.8,7.8,0.489,0.533,2,2.5,0.815,0.6,2.8,3.4,2.7,0.6,0.1,1.5,1.6,15.8,0
239,38,0,9,0.9,2.5,0.344,0.2,1.1,0.195,0.7,1.4,0.455,0.385,0.4,0.6,0.773,0.2,1.2,1.3,0.4,0.2,0,0.4,0.6,2.4,0
239,45,0,8.7,0.8,2.5,0.319,0.2,1,0.191,0.6,1.5,0.409,0.358,0.4,0.6,0.731,0.2,1,1.2,0.4,0.1,0,0.3,0.6,2.2,0
239,7,0,7.1,0.4,2.4,0.176,0.1,0.9,0.167,0.3,1.6,0.182,0.206,0.3,0.6,0.5,0.3,0.3,0.6,0.6,0,0.1,0.1,0.4,1.3,0
240,79,62,28.4,3.5,8.2,0.425,1.3,3.4,0.369,2.2,4.8,0.466,0.502,0.8,1,0.792,0.9,3.5,4.4,1.6,1.1,1,1.1,2.6,9.1,0
241,3,0,5,0,2.3,0,0,1,0,0,1.3,0,0,0,0.7,0,0,0.7,0.7,0.3,0.3,0,0.7,1,0,0
242,20,6,11.8,1.6,3.4,0.456,1.4,2.7,0.519,0.2,0.7,0.214,0.662,0.4,0.6,0.636,0.1,1.1,1.2,0.5,0.2,0.2,0.2,0.3,4.9,0
243,62,7,12.3,1.3,2.9,0.459,0.4,1,0.361,1,1.9,0.508,0.519,0.5,0.7,0.667,0.5,1.4,1.8,0.4,0.2,0.3,0.3,1,3.5,0
244,11,0,7.7,0.5,1.5,0.353,0,0,0,0.5,1.5,0.353,0.353,0.2,0.4,0.5,0.7,0.7,1.5,0.2,0.2,0.2,0.2,1.1,1.3,0
245,76,71,27.3,5.1,9.4,0.542,0.4,1.3,0.307,4.7,8,0.581,0.564,1.6,2.6,0.605,2.1,4.8,6.9,1.1,0.7,1.3,0.9,1.8,12.1,0
246,82,82,35,4.2,6.3,0.676,0,0,0,4.2,6.3,0.676,0.676,2,4.6,0.428,4,9.5,13.6,0.9,1,2.5,1.5,3.2,10.4,0
247,68,19,13.8,1.9,3.9,0.475,0.2,0.6,0.316,1.7,3.3,0.502,0.498,1.2,1.4,0.823,0.5,1.1,1.6,1.7,0.5,0.2,0.6,1.2,5,0
248,39,13,18.9,4.5,8.9,0.509,0,0.1,0,4.5,8.8,0.513,0.509,1.3,1.7,0.765,1.4,4.5,5.9,1.5,0.3,1,1.9,2.4,10.4,0
249,80,37,26.7,5.2,10.7,0.491,0,0,0,5.2,10.7,0.492,0.491,1.9,2.6,0.73,2.8,4.7,7.5,0.9,0.4,0.5,1.8,2.9,12.3,0
250,22,1,7.1,0.5,1.6,0.343,0.2,0.9,0.211,0.4,0.7,0.5,0.4,0.4,0.5,0.9,0,0.7,0.7,0.3,0.1,0,0.5,1,1.7,0
251,59,25,22.2,2.7,6.3,0.423,0.8,2.4,0.338,1.8,3.9,0.476,0.488,1.9,2.3,0.815,0.7,3,3.7,1.6,0.5,0.8,0.8,2.5,8,0
252,62,62,24.2,2.7,5.7,0.473,0,0.1,0.111,2.7,5.5,0.483,0.475,1.8,3,0.614,1.8,3.5,5.2,0.8,0.7,0.6,1,2.3,7.2,0
253,45,4,19,1.8,3.6,0.513,0,0.1,0.2,1.8,3.4,0.523,0.516,1.4,2.6,0.513,1.2,2,3.2,1.6,0.9,0.4,1.2,1.4,5,0
254,72,69,33.3,6.4,15.2,0.422,1.5,4.7,0.325,4.9,10.5,0.466,0.473,3.6,4.5,0.802,0.6,2.9,3.5,4.9,1,0.2,2.6,2,17.9,0
255,71,71,33.9,4.1,8.6,0.475,2.6,5.5,0.472,1.5,3.1,0.479,0.626,1.2,1.3,0.926,0.3,3.7,4,2.9,1,0.3,1.4,2.1,12,0
256,80,22,16.9,2.8,5.7,0.495,0,0,0,2.8,5.7,0.495,0.495,0.8,1.2,0.645,2,3.2,5.2,0.5,0.4,0.9,0.8,2.3,6.4,0
257,20,0,3,0.4,0.8,0.533,0,0,0,0.4,0.8,0.533,0.533,0.2,0.4,0.5,0.5,0.4,0.9,0.1,0,0.1,0.3,0.4,1,0
258,21,0,4.4,0.2,0.6,0.385,0,0,0,0.2,0.6,0.385,0.385,0.2,0.5,0.455,0.5,0.5,1,0.1,0.1,0.2,0.5,0.8,0.7,0
259,53,0,13.1,1.2,3,0.394,0.7,1.7,0.4,0.5,1.3,0.386,0.506,0.5,0.7,0.806,0.2,0.8,0.9,0.8,0.2,0,0.5,1,3.6,0
260,78,0,19.7,3.4,7.8,0.432,1.1,3.2,0.356,2.2,4.6,0.483,0.504,0.7,0.8,0.797,0.3,2.1,2.4,1.5,0.7,0.3,0.8,1.8,8.5,0
261,18,1,12.9,1.7,3.3,0.517,0,0,0,1.7,3.3,0.517,0.517,0.8,0.9,0.824,0.8,2.3,3.2,0.3,0.2,0.1,0.5,1.9,4.2,0
262,48,0,10.2,1.1,2.9,0.38,0.3,0.8,0.316,0.8,2.1,0.404,0.423,0.3,0.5,0.64,0.2,0.6,0.9,1.5,0.5,0,0.8,1,2.8,0
263,62,61,35.8,5.6,13,0.431,1.2,3.3,0.356,4.4,9.7,0.455,0.475,5.2,6.5,0.798,0.6,2.8,3.5,8.8,1.6,0.2,3.2,1.8,17.6,0
264,11,0,3,0.5,1.5,0.353,0.3,0.7,0.375,0.3,0.8,0.333,0.441,0.4,0.4,1,0,0.2,0.2,0.2,0.1,0,0.2,0.2,1.7,0
265,49,47,30,4.2,8.8,0.476,1,2.9,0.345,3.2,5.9,0.54,0.532,1.7,1.8,0.9,0.4,2.4,2.8,1.7,0.9,0.4,1,1.8,11,0
265,79,47,25,3.7,7.8,0.48,0.9,2.5,0.371,2.8,5.3,0.531,0.539,1.3,1.4,0.884,0.4,2,2.4,1.5,0.8,0.4,0.9,1.6,9.6,0
265,30,0,16.8,3,6.1,0.492,0.8,1.7,0.442,2.2,4.4,0.511,0.555,0.6,0.7,0.818,0.3,1.4,1.6,1.1,0.7,0.3,0.8,1.2,7.4,0
266,69,67,33.2,7.4,14.2,0.523,0,0,0,7.4,14.2,0.523,0.523,3.3,4.3,0.78,2.6,6.7,9.3,2.1,0.7,0.4,2.2,3,18.2,0
267,42,3,8.6,0.8,1.9,0.423,0,0,0,0.8,1.9,0.423,0.423,0.5,0.7,0.645,0.9,1.4,2.4,0.1,0.1,0.4,0.6,1.6,2,0
268,66,65,29.1,5.1,9.8,0.522,1,2.8,0.379,4.1,7,0.579,0.576,1.5,1.9,0.802,1.2,5.1,6.2,2,1.7,0.8,1.2,1.9,12.8,0
269,40,0,8.9,1,2.3,0.451,0,0.2,0,1,2.1,0.482,0.451,0.4,0.5,0.762,0.7,2.1,2.8,0.5,0.2,0.1,0.4,1.9,2.5,0
270,49,0,13.1,2.5,5,0.492,0.5,1,0.469,2,4,0.497,0.539,0.8,1,0.787,0.8,2.5,3.2,0.4,0.4,0.3,0.6,1.3,6.2,0
271,60,6,16.2,1.6,3.9,0.415,0.8,2.2,0.343,0.9,1.7,0.51,0.513,0.4,0.6,0.788,0.4,1.4,1.8,1,0.9,0.1,0.6,1.5,4.5,0
272,1,0,1,1,1,1,0,0,0,1,1,1,1,0,0,0,1,0,1,0,0,0,0,0,2,0
273,82,82,35.8,6.7,15.9,0.424,2.7,6.8,0.394,4.1,9.1,0.447,0.508,4.5,5.2,0.871,0.4,3.1,3.5,5.6,0.8,0.3,2.4,2.4,20.7,1
274,71,33,28.9,4.2,9.3,0.446,1.2,3.2,0.358,3,6.1,0.492,0.508,3.1,3.7,0.823,0.5,2.2,2.6,4.1,1,0.4,2.5,2.3,12.5,0
275,76,54,26,3.1,6.4,0.483,0,0.1,0.167,3.1,6.3,0.486,0.484,2.1,2.5,0.827,0.9,2.4,3.2,3.2,1.2,0.4,1.4,2.3,8.3,0
276,17,17,31.4,7.6,13.5,0.563,0,0.1,0,7.6,13.4,0.566,0.563,5.5,6.8,0.817,2.3,3.7,6,0.9,0.5,1.8,1.6,3.1,20.7,0
277,82,82,31.7,4.3,7.9,0.551,0,0,0,4.3,7.8,0.552,0.551,2.4,3,0.818,4,4.6,8.5,0.9,0.3,1.7,1,2.4,11.1,0
278,77,77,36.3,8.4,18.5,0.457,2.5,6.6,0.376,6,11.9,0.502,0.524,6.8,8.2,0.821,2.9,9.6,12.5,4.4,0.8,0.5,2.5,1.8,26.1,1
279,79,79,36.2,5.8,13.7,0.423,2.4,6.3,0.38,3.4,7.3,0.46,0.511,4,4.9,0.813,1.1,3.6,4.7,7.4,1.5,0.2,2.5,3.4,17.9,0
280,42,6,14.1,1.5,4.5,0.326,0.6,2,0.298,0.9,2.5,0.349,0.392,0.2,0.4,0.625,0.3,0.6,0.9,1,0.3,0,0.5,1,3.8,0
281,73,11,20.4,2.9,6.9,0.417,0.8,2.5,0.337,2,4.3,0.464,0.479,0.9,1,0.865,0.3,1.9,2.2,3.7,0.7,0,1.2,1.4,7.5,0
282,77,1,16.2,1.2,2.5,0.481,0,0,0,1.2,2.4,0.484,0.481,1.2,1.9,0.621,1.4,1.9,3.3,0.3,0.5,0.9,0.8,2.7,3.5,0
283,76,76,31.7,4.5,9.3,0.482,0.8,2.1,0.358,3.7,7.2,0.518,0.523,0.7,0.9,0.785,1.7,4.8,6.5,1.6,1.2,0.5,1.3,1.6,10.4,0
284,54,45,29,3.1,7.8,0.406,1.3,3.3,0.399,1.8,4.5,0.411,0.49,0.4,0.7,0.528,0.3,2.6,2.9,8.8,0.9,0.1,2.8,1.4,8,0
285,53,6,15.5,2,4.8,0.414,1.1,2.8,0.384,0.9,2.1,0.455,0.523,0.9,1.2,0.754,0.2,1.8,2,0.6,0.5,0.1,0.6,1.3,5.9,0
285,59,6,14.7,1.9,4.5,0.42,1,2.6,0.391,0.9,1.9,0.46,0.532,0.8,1.1,0.738,0.2,1.6,1.9,0.6,0.5,0.1,0.6,1.2,5.6,0
285,6,0,8,0.8,1.3,0.625,0.5,0.8,0.6,0.3,0.5,0.667,0.813,0.3,0.7,0.5,0.2,0.7,0.8,0.3,0.2,0,0.2,0.5,2.5,0
286,32,15,19.8,2,3.8,0.512,0,0,0,2,3.8,0.516,0.512,0.3,0.6,0.579,1.1,3.1,4.2,1.6,0.8,0.8,0.8,2.7,4.3,0
287,68,68,32,6.5,15,0.43,1.7,4.4,0.387,4.8,10.7,0.448,0.486,4.5,5,0.891,0.5,2.5,3,1.8,1,0.1,1.6,1.8,19.1,0
288,25,2,10.4,1,2.7,0.373,0.7,1.9,0.354,0.3,0.8,0.421,0.5,0.3,0.3,1,0,0.8,0.9,0.8,0.2,0,0.4,1,3,0
289,82,82,33.9,5.4,12.3,0.441,2.5,6.2,0.393,3,6.1,0.49,0.541,3.1,3.7,0.837,0.6,2.9,3.5,2.4,0.9,0.2,1.3,2.1,16.4,0
290,34,13,14.4,1.4,3.1,0.448,0,0,0,1.4,3.1,0.448,0.448,0.4,0.9,0.484,0.8,1.7,2.5,0.3,0.2,0.6,0.4,1.4,3.2,0
291,8,0,14,1.4,3.6,0.379,0.5,1.5,0.333,0.9,2.1,0.412,0.448,0.5,1,0.5,0.3,1.6,1.9,1.5,0.5,0.3,1.5,0.5,3.8,0
291,31,0,10.5,1,3.3,0.317,0.4,1.2,0.324,0.6,2.1,0.313,0.376,0.2,0.4,0.545,0.3,1,1.3,1.7,0.3,0.1,0.9,0.5,2.6,0
291,23,0,9.3,0.9,3.1,0.292,0.3,1.1,0.32,0.6,2,0.277,0.347,0.1,0.1,0.667,0.3,0.7,1,1.7,0.2,0,0.7,0.6,2.3,0
292,52,23,25.9,4.3,10.6,0.407,1.6,4.4,0.37,2.7,6.2,0.433,0.484,1.5,1.7,0.864,0.5,1.9,2.4,2.2,0.5,0.3,1.8,2.1,11.7,0
293,9,5,21.8,1.7,3.6,0.469,0.1,0.3,0.333,1.6,3.2,0.483,0.484,1,1.4,0.692,1,2,3,1.7,1,0.6,0.4,2,4.4,0
293,64,7,15.7,1.4,3,0.451,0.1,0.3,0.235,1.3,2.8,0.472,0.461,0.7,1,0.687,0.9,1.4,2.3,0.6,0.5,0.2,0.6,1.1,3.5,0
293,55,2,14.7,1.3,2.9,0.447,0.1,0.3,0.214,1.3,2.7,0.469,0.457,0.7,1,0.685,0.9,1.3,2.2,0.4,0.4,0.2,0.7,0.9,3.3,0
294,45,10,19.9,2.5,6.7,0.377,0.5,1.3,0.373,2,5.4,0.378,0.413,0.7,1,0.744,0.4,1.4,1.8,2.7,0.5,0.2,0.9,1.5,6.2,0
295,38,0,12.5,1.9,4.7,0.416,0.8,2.1,0.375,1.2,2.6,0.449,0.5,0.6,0.9,0.676,0.2,1.1,1.3,0.7,0.4,0.1,0.9,1.4,5.3,0
296,5,5,15.8,3.4,7.6,0.447,0,0,0,3.4,7.6,0.447,0.447,0.2,0.2,1,2,1.4,3.4,0.4,0.2,1.4,1.6,3.2,7,0
297,82,55,26.7,3.1,8.3,0.376,1.2,3.6,0.32,2,4.7,0.419,0.446,1.4,1.7,0.804,0.6,2.2,2.9,1,0.5,0.2,1.2,2.5,8.8,0
298,78,78,30.3,3.2,7.3,0.436,1.3,3.7,0.361,1.8,3.5,0.516,0.529,0.8,1.1,0.729,1.1,3.7,4.8,4.3,0.7,0.6,1.1,2.4,8.5,0
299,77,70,33.2,5.4,11.6,0.463,2.1,5.2,0.401,3.3,6.3,0.514,0.554,2.9,3.4,0.857,0.4,2.1,2.5,1.8,1.4,0.1,1.4,1.5,15.7,0
300,31,1,9.4,1,2.8,0.349,0.2,0.6,0.25,0.8,2.1,0.379,0.378,0.3,0.4,0.667,0.2,0.7,0.9,2,0.1,0,1,1,2.4,0
301,82,64,30,4.6,10.4,0.44,1.5,3.5,0.414,3.1,6.9,0.454,0.511,1.4,1.7,0.861,0.7,3,3.8,2.1,1,0.2,1.5,3,12.1,0
302,51,34,19.3,3.5,8,0.435,1.6,4.1,0.393,1.9,3.9,0.48,0.537,1.3,1.5,0.853,0.4,1.7,2,1,0.9,0.3,0.9,2,9.9,0
303,30,2,19,2.2,4.8,0.458,0.3,0.6,0.5,1.9,4.2,0.452,0.49,1.2,1.6,0.745,0.5,1.9,2.4,3.3,0.5,0.2,1.1,1.1,5.9,0
303,58,2,16.9,1.8,4,0.459,0.2,0.4,0.524,1.6,3.6,0.452,0.483,1,1.3,0.779,0.5,1.8,2.2,3.4,0.6,0.2,1.1,1.3,4.9,0
303,28,0,14.7,1.4,3.1,0.46,0.1,0.1,0.667,1.4,3,0.452,0.471,0.9,1.1,0.833,0.4,1.6,2,3.5,0.7,0.1,1,1.5,3.8,0
304,45,7,16.1,1.6,3.7,0.44,0.6,1.7,0.325,1.1,2,0.539,0.515,0.6,0.8,0.806,0.2,1,1.2,1,0.5,0.2,0.5,2,4.4,0
305,82,4,20.8,2.6,5.4,0.481,1.3,2.8,0.459,1.3,2.6,0.505,0.602,0.6,0.7,0.821,0.4,2.2,2.5,1.6,0.3,0.1,0.9,1.2,7.1,0
306,52,16,15.2,1.8,4.9,0.367,0.6,1.8,0.319,1.2,3.1,0.395,0.426,0.8,1.1,0.709,0.7,2.1,2.8,0.5,0.4,0.6,0.9,1.3,4.9,0
307,81,2,18.9,3.8,8.2,0.464,1.7,3.9,0.425,2.1,4.3,0.5,0.565,0.9,1,0.89,0.4,1.7,2.1,1.8,0.8,0.1,0.8,1.4,10.2,0
308,74,73,33.5,6.5,14.1,0.461,1,2.9,0.358,5.5,11.3,0.487,0.498,3.9,5.3,0.731,2.1,6.4,8.5,3.1,1.7,1.1,2.5,2.8,17.9,0
309,21,0,3.8,0.2,0.6,0.417,0,0,1,0.2,0.5,0.364,0.458,0.5,0.9,0.579,0.7,0.5,1.2,0.1,0.3,0.1,0.2,0.4,1,0
310,3,0,3.3,1,1.7,0.6,0,0.3,0,1,1.3,0.75,0.6,0,0,0,0.3,0,0.3,0.3,0.3,0,0,0,2,0
311,80,1,7,0.7,1.6,0.429,0,0,0,0.7,1.6,0.429,0.429,0.2,0.4,0.533,0.8,1.4,2.2,0.3,0.2,0.4,0.5,1,1.6,0
312,82,82,32.8,6.1,12.4,0.497,0,0,0,6.1,12.4,0.497,0.497,2.9,4.5,0.657,3.1,6.1,9.3,2.1,1.1,0.6,2,2.5,15.2,0
313,79,3,19.1,2.5,5.8,0.428,0.7,2,0.354,1.7,3.7,0.468,0.49,0.7,0.9,0.765,0.4,1.4,1.7,1.4,0.8,0.2,0.7,1.3,6.3,0
314,12,0,16.1,2.4,5.6,0.433,0.8,2,0.417,1.6,3.6,0.442,0.507,1.3,1.8,0.714,0.3,0.8,1.1,2.6,0.7,0,1.6,1.8,6.9,0
314,27,0,11.6,1.4,3.6,0.406,0.4,1.4,0.316,1,2.1,0.466,0.469,0.6,1,0.654,0.3,0.7,1,1.6,0.5,0,1,1.2,4,0
314,5,0,13.2,1.2,3.2,0.375,0.4,1.4,0.286,0.8,1.8,0.444,0.438,0.2,0.6,0.333,0.8,0.8,1.6,1.6,0.6,0,1.2,0.6,3,0
314,10,0,5.4,0.4,1.3,0.308,0,0.7,0,0.4,0.6,0.667,0.308,0.1,0.2,0.5,0,0.5,0.5,0.5,0.2,0,0.2,0.9,0.9,0
315,82,1,22,3.5,7.9,0.442,1.2,3.2,0.381,2.3,4.8,0.483,0.518,1.5,1.9,0.761,1,2.9,3.9,1.1,0.9,0.2,1.2,1.9,9.7,0
316,81,0,26.6,5.1,10.4,0.486,0.4,1.3,0.315,4.7,9.1,0.512,0.507,3.2,4,0.792,1.7,4.3,6,1.8,0.8,0.6,1.8,2.9,13.8,0
317,76,9,18.8,3.1,6.8,0.458,1.2,2.6,0.451,2,4.3,0.462,0.542,0.9,1.1,0.828,0.4,1.5,1.8,0.8,0.5,0.2,0.7,1.3,8.4,0
318,62,3,15.4,2.1,4.8,0.443,0.3,1.4,0.25,1.8,3.4,0.519,0.478,0.9,1.5,0.604,1,2.7,3.6,0.5,0.3,0.3,0.8,2.1,5.5,0
319,12,2,15.6,1.3,3.2,0.421,0,0,0,1.3,3.2,0.421,0.421,0.3,0.4,0.8,0.9,2,2.9,0.2,0.7,0.3,0.6,1.8,3,0
320,82,30,21.6,3.5,6.6,0.523,0,0.3,0.167,3.4,6.4,0.539,0.527,2.4,3.2,0.754,2.1,4.4,6.4,0.8,0.3,1.2,1.5,2.6,9.4,0
321,37,0,7.8,1.5,3.4,0.46,0.1,0.3,0.273,1.5,3.1,0.478,0.472,0.7,1.1,0.65,0.6,0.8,1.4,0.2,0.2,0,0.4,0.6,3.9,0
322,18,0,13.7,2.6,5.6,0.465,1.1,2.8,0.4,1.5,2.8,0.529,0.564,0.4,0.8,0.571,0.9,2.4,3.3,0.4,0.5,0.4,0.8,1.7,6.8,0
322,45,0,9.2,1.6,3.7,0.442,0.7,2,0.371,0.9,1.7,0.526,0.542,0.2,0.4,0.5,0.5,1.5,2,0.3,0.3,0.2,0.6,1.4,4.2,0
322,27,0,6.2,1,2.4,0.406,0.5,1.4,0.333,0.5,0.9,0.52,0.508,0.1,0.2,0.333,0.3,0.9,1.2,0.2,0.2,0.1,0.5,1.2,2.5,0
323,24,0,2.6,0.1,0.5,0.231,0,0.1,0,0.1,0.4,0.3,0.231,0,0,0,0.1,0.3,0.3,0.1,0,0.2,0.1,0.3,0.3,0
324,51,0,7.3,1.1,2.5,0.434,0.1,0.2,0.417,1,2.3,0.436,0.453,0.5,0.8,0.59,0.3,0.6,0.9,1,0.4,0,0.7,0.9,2.7,0
325,20,0,10.8,1.6,3.7,0.425,0,0.2,0,1.6,3.5,0.443,0.425,0.7,0.7,1,0.9,1.8,2.6,0.4,0.2,0.5,0.6,1.5,3.8,0
326,14,0,5.3,0.2,0.6,0.333,0,0,0,0.2,0.6,0.333,0.333,0,0.1,0,0.4,0.9,1.3,0.2,0,0.3,0.2,1.1,0.4,0
327,15,10,20.9,2.4,6.3,0.383,0.5,1.6,0.333,1.9,4.7,0.4,0.426,1.5,1.6,0.917,0.3,1.7,1.9,5.7,0.5,0.1,2.1,1.2,6.8,0
328,22,1,23,3.9,8.8,0.438,1.3,3.1,0.406,2.6,5.7,0.456,0.51,2.2,2.3,0.961,0.1,1.7,1.8,1.7,0.5,0,1.1,1.8,11.2,0
328,52,3,21.4,3.7,9.1,0.41,1.3,3.5,0.378,2.4,5.6,0.43,0.482,1.8,2,0.895,0.2,1.5,1.7,1.6,0.3,0,1.2,1.3,10.5,0
328,30,2,20.2,3.6,9.2,0.39,1.3,3.7,0.36,2.3,5.5,0.41,0.462,1.5,1.8,0.833,0.3,1.4,1.7,1.5,0.2,0,1.3,0.9,10,0
329,24,0,5.9,0.3,1.6,0.205,0.1,0.8,0.167,0.2,0.9,0.238,0.244,0.3,0.3,0.875,0.1,0.5,0.6,0.5,0,0,0.5,0.5,1.1,0
330,68,68,32,4.3,11,0.394,2,5.8,0.348,2.3,5.2,0.444,0.485,1.4,1.6,0.857,0.4,3,3.4,7,0.8,0.1,2.4,2.1,12.1,0
331,76,5,15.4,2.4,5.5,0.429,0.4,1.2,0.315,2,4.4,0.459,0.462,0.6,0.8,0.825,0.7,2.7,3.4,0.3,0.2,0.3,0.7,2,5.7,0
332,80,80,35.3,4.8,10,0.475,0,0,0,4.8,10,0.476,0.475,3.1,4.2,0.737,3.5,7.7,11.3,5.4,1.2,1.5,2.4,3.1,12.6,1
333,54,1,10,1.1,2.7,0.411,1,2.3,0.426,0.1,0.4,0.333,0.589,0.1,0.1,1,0.1,0.9,1.1,0.2,0.2,0.1,0.1,0.8,3.3,0
334,80,80,32.9,7.9,15.9,0.497,1.6,4.1,0.398,6.3,11.8,0.532,0.549,4.2,4.7,0.899,0.5,5.7,6.2,2.7,0.9,0.6,1.5,2.1,21.7,0
335,4,0,13.5,1.5,4.5,0.333,0.8,2.5,0.3,0.8,2,0.375,0.417,0.8,1,0.75,0.3,1.8,2,0.5,0.3,0.3,1,0.5,4.5,0
335,13,0,12.7,1.2,3.5,0.326,0.6,1.9,0.32,0.5,1.6,0.333,0.413,0.5,0.7,0.667,0.1,1.4,1.5,0.6,0.5,0.2,0.5,0.8,3.4,0
335,9,0,12.3,1,3.1,0.321,0.6,1.7,0.333,0.4,1.4,0.308,0.411,0.3,0.6,0.6,0,1.2,1.2,0.7,0.6,0.1,0.3,1,2.9,0
336,44,13,20.1,2.8,5.6,0.504,0,0,0,2.8,5.6,0.504,0.504,2.3,3,0.75,1.9,3.6,5.5,0.6,0.3,0.9,1.2,2.3,7.9,0
337,69,19,17.2,2.7,5.4,0.501,0,0,0,2.7,5.3,0.505,0.501,0.8,1.2,0.687,1.4,3.8,5.3,1.1,0.6,1.3,1.1,2.4,6.2,0
338,23,6,9.2,1.2,2.1,0.551,0,0,0,1.2,2.1,0.551,0.551,0.6,1,0.565,1,1.3,2.3,0,0.3,0.6,0.5,2.3,2.9,0
339,80,44,31.1,4.9,11.7,0.419,0.9,2.8,0.327,4,8.9,0.448,0.458,3.1,4,0.78,0.5,3.6,4.1,4.1,1.6,0.5,3.2,2.6,13.8,0
340,70,9,20,3.3,7.2,0.466,0.6,1.6,0.351,2.8,5.5,0.5,0.506,1.4,1.7,0.811,2,3.2,5.2,1.6,0.5,0.4,1.5,3.2,8.7,0
341,3,0,8.3,0.3,1.3,0.25,0,0,0,0.3,1.3,0.25,0.25,0.3,0.7,0.5,0.7,1.7,2.3,1,0,0,0.3,1,1,0
341,5,0,6,0.2,1,0.2,0,0,0,0.2,1,0.2,0.2,0.2,0.4,0.5,0.4,1.2,1.6,0.6,0,0,0.2,0.6,0.6,0
341,2,0,2.5,0,0.5,0,0,0,0,0,0.5,0,0,0,0,0,0,0.5,0.5,0,0,0,0,0,0,0
342,22,4,11.4,1,2.1,0.447,0,0,0,1,2.1,0.447,0.447,1,1.4,0.767,0.7,2,2.8,0.7,0.3,0.7,0.8,1.7,3,0
343,63,4,16.9,2.1,5.2,0.399,0.7,1.9,0.35,1.4,3.3,0.426,0.462,0.7,0.8,0.808,0.6,2.1,2.7,0.8,0.3,0.3,0.4,1.5,5.4,0
344,53,43,25,2.8,6.6,0.427,0,0,0,2.8,6.6,0.428,0.427,2.1,2.5,0.846,2.7,3.6,6.3,2.6,0.8,0.3,1.7,2.3,7.7,0
345,29,0,8.3,1.8,4.1,0.441,0.8,2.1,0.4,1,2,0.483,0.542,0.3,0.4,0.727,0,0.7,0.7,1.8,0.5,0,0.9,0.6,4.7,0
346,68,68,29.4,6.7,13.4,0.499,0.4,1,0.373,6.3,12.5,0.509,0.513,2.9,3.6,0.811,0.3,2,2.3,5.7,0.5,0.1,2.2,1.3,16.7,1
347,74,74,37.6,6.3,13.3,0.472,1.8,4.7,0.37,4.5,8.6,0.528,0.538,2.2,3,0.742,0.9,4.6,5.5,4,1.2,0.4,1.9,2.3,16.6,0
348,48,7,23.3,3.6,7.6,0.477,1,2.3,0.411,2.7,5.3,0.506,0.54,0.9,1.1,0.745,1.7,3.3,5.1,1.3,0.9,0.7,1,2.5,9.1,0
348,65,13,23.6,3.5,7.5,0.46,0.8,2.3,0.364,2.6,5.2,0.503,0.516,0.8,1.1,0.704,1.8,3.5,5.3,1.2,0.8,0.6,1,2.4,8.5,0
348,17,6,24.4,2.9,7.2,0.41,0.5,2.3,0.231,2.4,4.9,0.494,0.447,0.5,0.9,0.563,2,3.8,5.8,0.9,0.8,0.2,0.9,2.3,6.9,0
349,62,62,35,6.5,14,0.467,1.3,3.4,0.368,5.3,10.6,0.498,0.511,4.8,5.6,0.855,0.6,3.7,4.3,10.7,2.5,0.1,2.3,2.5,19.1,1
350,54,54,30.8,7,13,0.541,0,0,0,7,13,0.541,0.541,3.4,4.6,0.747,3.8,4.9,8.7,0.9,0.6,0.4,1.6,2.4,17.5,0
351,62,62,19.5,1.4,3.1,0.451,0,0,0,1.4,3.1,0.453,0.451,0.6,1.1,0.552,1.3,3.6,4.9,1.1,0.4,0.5,1.5,2.9,3.4,0
352,75,68,28,4.3,9.5,0.451,1.5,4,0.373,2.8,5.5,0.507,0.529,3.4,4.1,0.826,0.3,4.3,4.6,2.4,1.1,0.4,2,2.5,13.5,0
353,2,0,1.5,0,0.5,0,0,0,0,0,0.5,0,0,0,1,0,1.5,0,1.5,0,0,0,0,0,0,0
354,70,22,18.2,2.8,4.3,0.659,0,0,0,2.8,4.3,0.666,0.659,1.7,2.8,0.626,1.4,3,4.4,0.9,0.7,0.8,1.1,2.4,7.4,0
355,80,79,24.6,3.6,6.9,0.517,0,0,0,3.6,6.9,0.517,0.517,0.9,1.7,0.561,2.5,5.4,7.8,0.5,0.6,1.1,1.4,2.3,8.1,0
356,15,2,18,2.1,5.3,0.392,0.7,2.3,0.324,1.3,3,0.444,0.462,1.4,1.7,0.808,0.7,1.1,1.7,1.3,0.3,0.1,1,1.2,6.3,0
357,37,0,8.6,0.9,2.5,0.363,0.1,0.6,0.19,0.8,1.9,0.414,0.385,0.2,0.3,0.667,0.6,1,1.5,0.3,0.2,0,0.4,0.7,2.1,0
358,1,0,19,2,6,0.333,0,0,0,2,6,0.333,0.333,0,0,0,0,5,5,0,0,1,1,1,4,0
359,75,11,15.1,1,3.4,0.308,0.4,1.4,0.264,0.7,2,0.34,0.364,0.4,0.6,0.644,0.3,1.1,1.4,3.2,0.9,0.1,1.2,1.3,2.8,0
360,28,0,3.5,0.7,1.6,0.413,0.2,0.8,0.273,0.5,0.9,0.542,0.478,0,0.1,0,0,0.3,0.4,0.5,0,0,0.3,0.2,1.6,0
361,31,2,12.2,0.9,3,0.304,0.3,1.4,0.209,0.6,1.6,0.388,0.353,0.3,0.4,0.692,0.3,1.1,1.4,2.1,0.8,0.1,0.8,1.6,2.4,0
362,66,27,19.4,1.3,2.9,0.461,1,2.1,0.464,0.3,0.8,0.451,0.631,0.2,0.2,0.917,0.5,1.4,2,3.5,1,0,0.9,2,3.8,0
363,76,76,25.6,2.6,6.5,0.407,0.3,0.9,0.29,2.4,5.6,0.426,0.427,0.4,0.8,0.567,0.4,2.7,3.1,1.6,0.5,0.3,0.5,0.8,6,0
364,48,2,9.7,1.4,2.6,0.54,0,0,0,1.4,2.6,0.54,0.54,0.9,1.1,0.818,1.1,1.1,2.3,0.5,0.1,0.3,0.6,1.8,3.8,0
365,43,5,12.3,1.6,4.1,0.386,0.4,1.4,0.295,1.2,2.7,0.435,0.438,1.2,1.6,0.754,0.5,2.4,2.8,0.7,0.6,0.4,0.9,1.5,4.8,0
366,14,0,6.8,0.5,1,0.5,0,0,0,0.5,1,0.5,0.5,0.4,0.8,0.545,0.5,1.3,1.8,0.1,0.2,0.1,0.4,1.1,1.4,0
367,79,79,34.2,7.1,15.2,0.467,0,0.3,0.1,7.1,14.9,0.474,0.468,3.2,4.3,0.742,3.4,6.7,10.1,2.5,0.7,0.3,2.3,2.7,17.4,0
368,35,34,28.2,5.2,11.4,0.455,2.1,5.3,0.395,3.1,6.1,0.507,0.546,2.8,3,0.915,0.3,1.9,2.1,2.2,0.8,0.1,1.2,1.9,15.2,0
369,11,1,9.9,1,3.4,0.297,0.5,1.5,0.294,0.5,1.8,0.3,0.365,0.5,0.6,0.714,0.4,1.5,1.8,0.6,0.5,0.1,0.8,0.6,2.9,0
370,36,12,21.2,2.3,6.1,0.384,0.7,1.9,0.368,1.6,4.2,0.391,0.441,0.4,0.5,0.684,0.4,1.3,1.7,3.4,0.6,0.1,1.3,1.5,5.7,0
370,61,14,18.7,2.1,5.4,0.385,0.6,1.8,0.343,1.5,3.6,0.406,0.442,0.3,0.4,0.654,0.4,1.2,1.6,2.9,0.5,0.1,1.1,1.5,5,0
370,25,2,15.1,1.7,4.3,0.389,0.5,1.6,0.3,1.2,2.7,0.441,0.444,0.2,0.3,0.571,0.3,1.1,1.4,2.2,0.4,0.2,0.8,1.5,4,0
371,69,4,19.4,2.8,6.9,0.405,0.5,1.4,0.364,2.3,5.4,0.416,0.443,1.6,2.5,0.636,0.4,1.5,1.9,2.3,0.7,0.1,1.1,1.9,7.7,0
372,40,16,10,0.8,1.7,0.485,0.1,0.3,0.154,0.8,1.4,0.564,0.5,0.2,0.3,0.7,0.9,1.5,2.4,0.4,0.5,0.3,0.5,1.9,1.9,0
373,72,42,23.2,3.4,8.1,0.42,0.9,2.5,0.36,2.5,5.6,0.447,0.475,1.7,1.8,0.94,0.2,1.7,1.9,3.3,0.6,0.1,1.3,1.8,9.4,0
374,44,1,19.7,3.7,8.7,0.428,1.3,3.5,0.377,2.4,5.2,0.463,0.504,1.6,1.9,0.835,0.5,1.4,1.8,2.5,0.8,0.1,1.3,2.1,10.4,0
375,70,0,12.5,2,4.2,0.481,0,0,0,2,4.2,0.483,0.481,0.8,1.4,0.564,1.5,2.9,4.4,0.5,0.3,0.3,0.8,1.9,4.8,0
376,30,30,33.3,4.7,11.7,0.403,0.9,3,0.289,3.8,8.7,0.442,0.44,1.4,2.2,0.627,0.7,4.7,5.5,9.8,1.3,0.1,3.3,2.2,11.7,0
377,10,10,31.1,5.8,16.4,0.354,1.6,4.7,0.34,4.2,11.7,0.359,0.402,2.7,3.2,0.844,0.9,2.3,3.2,4.3,0.5,0.1,3.4,1.5,15.9,0
378,81,62,26.7,3.9,9.3,0.423,2,5,0.395,1.9,4.2,0.458,0.531,1,1.2,0.837,0.5,2.6,3.1,1,0.8,0.3,1.1,2.3,10.9,0
379,82,82,32.2,3.1,8.2,0.381,0.5,1.6,0.331,2.6,6.5,0.393,0.413,2.8,3.5,0.802,0.7,3.4,4.2,8.6,2.3,0.1,2.7,2.7,9.5,0
380,38,0,11,0.8,2.4,0.333,0.4,1.2,0.34,0.4,1.1,0.326,0.422,0.1,0.1,0.6,0.1,1,1.2,0.6,0.1,0.2,0.5,0.8,2.1,0
381,65,13,16.8,2.2,4.6,0.477,0,0,0,2.2,4.6,0.477,0.477,1,1.4,0.681,1.3,2.6,3.9,0.8,0.4,0.7,0.7,2.1,5.4,0
382,18,8,24.7,2.3,6.5,0.35,0.9,2.3,0.381,1.4,4.2,0.333,0.419,0.4,0.4,1,0.4,2.1,2.6,2.4,0.7,0.4,0.8,1.8,5.8,0
382,78,8,22.1,1.9,5.3,0.363,0.8,2.1,0.387,1.1,3.2,0.348,0.439,0.5,0.7,0.769,0.3,1.8,2.1,1.9,0.6,0.2,0.7,1.6,5.2,0
382,60,0,21.4,1.8,4.9,0.368,0.8,2,0.388,1,2.9,0.354,0.448,0.6,0.8,0.733,0.2,1.8,2,1.7,0.6,0.2,0.7,1.5,5,0
383,23,20,25.4,3.3,7,0.469,0,0,0,3.3,7,0.472,0.469,1.1,2.4,0.473,2.6,4.6,7.2,0.8,0.8,1.7,1.1,3.2,7.7,0
384,49,0,13.1,1.5,3.8,0.383,0.2,0.9,0.238,1.3,3,0.425,0.41,0.6,0.9,0.674,0.1,1.1,1.2,1.9,0.3,0,1.2,1.1,3.7,0
385,82,2,17.1,3.2,6.8,0.47,0,0.1,0.143,3.2,6.7,0.474,0.471,1.2,1.7,0.728,1,3.7,4.8,1,0.3,0.2,1.3,2,7.6,0
386,80,6,18.5,3.8,7.9,0.479,0.8,2.5,0.31,3,5.4,0.558,0.529,1.3,1.7,0.78,0.8,2.8,3.6,0.9,0.4,0.1,1,1.5,9.6,0
387,61,61,26,2.3,5.6,0.415,0.8,2.5,0.316,1.5,3.1,0.495,0.485,0.9,1.1,0.768,0.8,2.8,3.6,1.5,1.3,0.3,0.9,1.5,6.3,0
388,53,1,10.9,2.1,4.2,0.505,0,0,0,2.1,4.2,0.505,0.505,0.5,0.6,0.871,1,1.4,2.4,0.3,0.1,0.5,0.8,1.9,4.7,0
389,28,12,32.5,5,10.9,0.461,0.7,2,0.357,4.3,8.9,0.484,0.493,5.1,6.1,0.841,0.6,2.5,3.1,4.8,0.6,0.1,2,1.4,15.8,0
389,83,19,26.7,4,9.3,0.429,0.4,1.5,0.282,3.6,7.8,0.457,0.452,3.9,4.9,0.807,0.5,2,2.4,4.1,0.6,0.1,1.8,1.1,12.3,0
389,55,7,23.7,3.5,8.5,0.409,0.3,1.2,0.221,3.2,7.2,0.441,0.425,3.3,4.3,0.782,0.4,1.7,2.1,3.7,0.6,0.1,1.7,0.9,10.5,0
390,3,0,3.7,0,1,0,0,0.3,0,0,0.7,0,0,0.3,0.7,0.5,0,0,0,1.3,0,0,0.7,0.7,0.3,0
391,17,0,8.1,0.6,1.4,0.458,0,0.4,0,0.6,1.1,0.611,0.458,0.2,0.5,0.375,0.2,0.6,0.8,0.7,0.1,0.1,0.6,0.9,1.5,0
391,26,0,5.9,0.5,1.1,0.464,0,0.2,0,0.5,0.8,0.591,0.464,0.1,0.3,0.375,0.2,0.5,0.6,0.5,0.1,0,0.5,0.7,1.1,0
391,9,0,1.9,0.2,0.4,0.5,0,0,0,0.2,0.4,0.5,0.5,0,0,0,0,0.2,0.2,0.2,0.1,0,0.1,0.2,0.4,0
392,74,58,26.5,2.5,6.5,0.378,1,3.1,0.333,1.4,3.5,0.418,0.457,0.7,1,0.746,1.1,3.1,4.2,1.7,1.2,0.2,1.1,2.8,6.7,0
393,63,0,10.5,1.2,3.8,0.321,0.5,1.6,0.294,0.7,2.1,0.341,0.384,1.1,1.4,0.756,0.3,1,1.3,1.1,0.4,0.3,0.8,0.6,4,0
394,26,25,27.2,4.3,8.8,0.489,0,0,0,4.3,8.8,0.491,0.489,3.2,4.1,0.766,3.2,3.8,7,1.8,0.9,0.5,1.3,3.2,11.8,0
394,46,25,19,2.8,6,0.474,0,0,0,2.8,5.9,0.476,0.474,2,2.6,0.744,2.3,2.9,5.2,1.1,0.6,0.4,0.9,2.5,7.6,0
394,20,0,8.4,0.9,2.3,0.4,0,0,0,0.9,2.3,0.4,0.4,0.4,0.7,0.571,1.1,1.7,2.8,0.3,0.3,0.4,0.4,1.6,2.2,0
395,82,36,28.5,3.3,7.3,0.447,1.1,3,0.382,2.1,4.3,0.492,0.525,1.9,2.2,0.826,1.4,2.3,3.7,0.9,0.7,0.5,1,2.6,9.6,0
396,25,0,10,1,2.7,0.373,0.3,0.8,0.368,0.7,1.9,0.375,0.425,0.7,1,0.72,0.7,1.5,2.2,0.2,0.4,0.1,0.7,1,3,0
397,24,0,9.3,0.8,2.4,0.316,0.3,1,0.28,0.5,1.3,0.344,0.377,0.5,0.6,0.733,0.1,0.5,0.6,1.4,0.4,0,0.8,1.1,2.3,0
398,48,1,8.2,0.9,2.4,0.376,0.2,0.9,0.238,0.7,1.6,0.453,0.419,0.3,0.4,0.6,0.1,0.8,0.9,1,0.2,0,0.5,0.4,2.3,0
400,11,0,9.1,1.6,2.5,0.643,0,0,0,1.6,2.5,0.643,0.643,0.2,0.5,0.4,1,1.5,2.5,0,0.1,0.2,0.5,1.5,3.5,0
401,70,1,14.4,1.7,4,0.423,0,0.3,0.043,1.7,3.7,0.457,0.425,0.3,0.6,0.564,0.4,1.4,1.8,2.6,0.7,0.2,0.9,0.9,3.7,0
402,74,37,32.7,5.4,12.9,0.415,2.6,6.5,0.394,2.8,6.4,0.436,0.514,1.2,1.9,0.652,0.5,3.5,4,3,0.9,0.3,1.5,2.6,14.5,0
403,31,27,26.8,4.2,9.1,0.465,0,0,0,4.2,9.1,0.465,0.465,1.3,1.6,0.78,1.6,4.2,5.8,0.9,0.4,0.9,0.9,3.2,9.7,0
404,77,76,35.5,6.7,16,0.419,0.9,3.4,0.264,5.8,12.6,0.462,0.448,2.1,3.9,0.532,1.3,5.4,6.8,3.3,1.4,1.4,2.6,2.6,16.4,0
405,77,12,16,1.7,4.4,0.384,0.7,2.3,0.32,0.9,2.1,0.456,0.469,0.4,0.5,0.756,0.2,1.4,1.6,0.9,0.4,0.2,0.6,1.1,4.5,0
406,3,0,9,1.7,4,0.417,1,1.7,0.6,0.7,2.3,0.286,0.542,0.3,0.7,0.5,0,2.7,2.7,0,0.3,0.7,0.3,1,4.7,0
406,4,0,7.5,1.3,3.8,0.333,0.8,1.5,0.5,0.5,2.3,0.222,0.433,0.3,0.5,0.5,0,2,2,0,0.3,0.5,0.3,0.8,3.5,0
406,1,0,3,0,3,0,0,1,0,0,2,0,0,0,0,0,0,0,0,0,0,0,0,0,0,0
407,79,3,12.4,2.5,5.6,0.441,0.1,0.4,0.258,2.4,5.2,0.455,0.45,1.4,1.7,0.821,1.3,2.4,3.7,0.4,0.1,0.4,0.8,1.9,6.4,0
408,59,50,21.5,3.1,5.9,0.523,0,0.1,0,3.1,5.8,0.528,0.523,2.1,2.9,0.699,2.1,4.1,6.2,1.5,0.5,0.5,1.3,2,8.2,0
409,3,0,5,1,2.3,0.429,0,0,0,1,2.3,0.429,0.429,0.3,0.3,1,0.3,1.3,1.7,0,0,0,0,0,2.3,0
410,78,78,35.3,5.5,11.2,0.491,1.1,3.1,0.352,4.4,8,0.545,0.54,1.8,2.5,0.711,1.2,5.9,7.2,4.6,0.7,0.1,2.7,2.5,13.8,0
411,55,20,18.3,1.3,2.2,0.574,0,0,0,1.3,2.2,0.579,0.574,0.3,0.6,0.594,1.3,2.8,4.1,0.7,0.6,1,0.8,3.1,2.9,0
412,21,0,5.7,0.3,0.8,0.412,0.1,0.4,0.25,0.2,0.4,0.556,0.471,0.1,0.1,0.667,0.1,0.9,1,0.6,0.1,0,0.2,0.6,0.9,0
413,65,21,22.6,4.8,8.6,0.557,0,0,0,4.8,8.6,0.557,0.557,2.3,3.1,0.739,1.7,3.2,4.9,0.5,0.4,0.6,1.4,2.4,11.9,0
414,73,5,26.7,5.1,11.7,0.436,0.3,1.2,0.273,4.8,10.5,0.455,0.45,3.3,4,0.836,0.5,1.8,2.3,2.1,0.7,0.1,1.7,1.8,13.9,0
415,74,44,27.6,5.2,12.1,0.427,0.8,2.8,0.269,4.4,9.3,0.475,0.458,2.1,2.7,0.778,3.3,4.9,8.1,1.6,0.5,0.7,1.6,3.4,13.3,0
416,26,8,24.2,3.2,8.4,0.376,0.7,2.6,0.269,2.5,5.8,0.424,0.417,1,1.8,0.553,0.6,1.7,2.3,0.8,0.5,0.2,1,2.4,8,0
417,23,3,11.7,1.3,4,0.341,0.1,0.5,0.25,1.2,3.4,0.354,0.357,1,1.3,0.8,0.1,0.5,0.7,1.6,0.5,0,1.3,1.3,3.9,0
418,79,79,32.2,5.8,13.2,0.438,0.9,2.8,0.329,4.8,10.3,0.469,0.474,4,4.8,0.846,0.4,2.2,2.6,6.7,1.1,0.2,2.9,2,16.5,0
419,21,1,9.6,1,2.5,0.415,0.1,0.4,0.375,0.9,2.1,0.422,0.443,0.7,0.9,0.789,0,1,1,1.4,0.4,0,1,1,3,0
419,40,3,11.1,1,3,0.319,0.1,0.5,0.278,0.8,2.5,0.327,0.34,0.7,0.9,0.743,0,1,1,1.5,0.3,0.1,1,1.2,2.7,0
419,19,2,12.7,0.8,3.5,0.242,0.1,0.5,0.2,0.7,2.9,0.25,0.258,0.6,0.8,0.688,0.1,0.9,1,1.5,0.1,0.2,0.9,1.3,2.4,0
420,72,7,19.4,3.1,7.3,0.418,1.9,4.8,0.39,1.2,2.5,0.472,0.546,0.6,0.9,0.71,0.8,2.9,3.7,0.8,0.4,0.3,0.8,2,8.6,0
421,75,0,8.5,0.7,1.9,0.362,0.1,0.4,0.207,0.6,1.5,0.402,0.383,0.4,0.6,0.698,0.3,0.6,0.9,1,0.5,0.1,0.6,1,1.8,0
422,35,0,16.3,1.6,4.3,0.362,1.1,2.9,0.379,0.5,1.4,0.327,0.49,0.3,0.4,0.667,0.1,0.9,1.1,1.6,0.4,0,0.8,1.4,4.5,0
423,23,0,8.3,0.6,1,0.565,0,0,0,0.6,1,0.565,0.565,0,0.2,0.2,0.4,1.3,1.7,0,0.2,0.4,0.6,2,1.2,0
424,2,1,6.5,1.5,2.5,0.6,0.5,1,0.5,1,1.5,0.667,0.7,0,0,0,0,0,0,0.5,0,0,0.5,2,3.5,0
424,6,1,6.2,1,2.3,0.429,0.2,0.8,0.2,0.8,1.5,0.556,0.464,0.2,0.2,1,0,0.5,0.5,0.5,0,0,0.2,1,2.3,0
424,4,0,6,0.8,2.3,0.333,0,0.8,0,0.8,1.5,0.5,0.333,0.3,0.3,1,0,0.8,0.8,0.5,0,0,0,0.5,1.8,0
425,72,54,34.7,6.9,15.2,0.453,1.8,5.1,0.349,5.1,10.2,0.504,0.51,4.8,5.7,0.85,0.7,2.3,2.9,6.3,1.3,0.1,3,2.6,20.3,0
426,5,0,8.4,0.4,1.8,0.222,0,0,0,0.4,1.8,0.222,0.222,0.4,0.8,0.5,0.4,1,1.4,0.6,0,0,0.4,0.8,1.2,0
427,1,0,15,1,4,0.25,0,0,0,1,4,0.25,0.25,0,2,0,1,8,9,0,0,2,1,0,2,0
427,8,0,7.9,0.9,2,0.438,0.1,0.5,0.25,0.8,1.5,0.5,0.469,0,0.3,0,0.6,2,2.6,0.3,0,0.4,1.1,0.6,1.9,0
427,7,0,6.9,0.9,1.7,0.5,0.1,0.6,0.25,0.7,1.1,0.625,0.542,0,0,0,0.6,1.1,1.7,0.3,0,0.1,1.1,0.7,1.9,0
428,77,41,22.6,2.2,4.8,0.46,0.9,2.2,0.401,1.4,2.7,0.507,0.55,0.7,0.9,0.712,0.9,2.3,3.2,0.9,0.7,0.2,0.8,1.9,6,0
429,82,61,24.5,3.1,6,0.506,0,0,0,3.1,6,0.506,0.506,1,1.8,0.579,1.9,4.6,6.4,0.6,0.4,0.7,1.2,3.1,7.1,0
430,81,81,35.4,6.9,15.5,0.444,2.8,6.6,0.417,4.1,8.9,0.464,0.533,1.8,2.3,0.795,0.5,2.6,3.1,2.2,0.9,0.5,1.7,2.9,18.4,0
431,82,82,31.6,4.4,9.3,0.477,0,0,0,4.4,9.3,0.478,0.477,2.9,4.1,0.693,3.3,5.9,9.2,0.9,0.5,0.4,1.3,2.3,11.7,0
432,26,1,23.8,4.2,10.2,0.414,2,5.3,0.38,2.2,5,0.45,0.511,1.8,2.3,0.8,0.7,2.2,2.8,1.2,1,0.1,1.1,1.4,12.3,0
432,72,27,24.2,3.5,8.9,0.394,1.5,4.4,0.345,2,4.5,0.443,0.48,1.3,1.6,0.804,0.8,2,2.8,1.1,0.8,0.2,0.9,1.5,9.8,0
432,46,26,24.4,3.1,8.1,0.381,1.2,3.9,0.318,1.8,4.2,0.438,0.457,0.9,1.1,0.808,0.8,1.8,2.7,1,0.7,0.2,0.8,1.6,8.3,0
433,8,5,13.8,0.5,2.5,0.2,0.1,1.9,0.067,0.4,0.6,0.6,0.225,0,0,0,0.3,1.1,1.4,2.9,0.3,0,1.1,1.3,1.1,0
434,64,9,20.3,2,4.8,0.42,1.6,3.9,0.413,0.4,0.9,0.45,0.586,0.5,0.6,0.805,0.5,2.1,2.6,0.7,0.3,0.2,0.4,1.3,6.1,0
435,81,81,30.7,3.3,7.6,0.431,0.9,2.4,0.387,2.4,5.2,0.45,0.491,1.9,2.5,0.776,2,4.5,6.5,1.7,1.4,0.3,1.3,2.5,9.4,0
436,31,10,19.5,2.1,3.5,0.598,0,0,0,2.1,3.5,0.598,0.598,0.7,1.6,0.42,1.8,3.8,5.6,0.8,0.3,1.6,0.8,2.1,4.8,0
437,38,0,10.3,1.1,2.9,0.385,0.6,1.3,0.44,0.5,1.6,0.339,0.486,0.2,0.5,0.5,0.3,2.1,2.3,0.9,0.5,0.3,0.4,1.3,3,0
438,54,54,34.9,6.6,15.4,0.428,0.7,2.4,0.288,5.9,12.9,0.455,0.451,3.5,4.2,0.829,0.9,5,6,3.7,1,0.1,2.9,2.7,17.4,0
438,81,56,30.3,5.4,12.6,0.425,0.6,1.9,0.321,4.7,10.7,0.444,0.45,2.6,3.2,0.813,0.8,4.3,5,3.2,0.8,0.1,2.3,2.4,14,0
438,27,2,21.1,2.9,7,0.411,0.4,0.9,0.5,2.4,6.1,0.398,0.442,0.9,1.3,0.706,0.4,2.7,3.2,2.4,0.4,0.1,1.3,1.8,7.1,0
439,41,0,9.7,1.5,2.8,0.517,0,0,0,1.5,2.8,0.517,0.517,0.6,1.2,0.542,0.9,1.7,2.7,0.2,0.1,0.5,0.6,1.7,3.6,0
440,42,14,19.1,1.4,3.4,0.399,0,0,0,1.4,3.4,0.399,0.399,0.7,1.1,0.638,1.5,2.1,3.5,0.7,0.4,1,0.9,2.3,3.4,0
441,31,12,19,2.2,5.2,0.425,0.5,1.3,0.425,1.6,3.9,0.425,0.478,0.6,0.8,0.833,0.3,1.5,1.8,3.5,0.7,0.1,1.4,1.5,5.6,0
441,41,12,15.7,1.9,4.3,0.438,0.5,1,0.452,1.4,3.3,0.434,0.492,0.6,0.7,0.833,0.2,1.2,1.4,2.8,0.6,0.1,1.1,1.2,4.9,0
441,10,0,5.5,1,1.8,0.556,0.2,0.2,1,0.8,1.6,0.5,0.611,0.5,0.6,0.833,0,0.2,0.2,0.6,0.1,0.1,0.5,0.4,2.7,0
442,81,81,28.2,4.4,8.3,0.531,0,0,0,4.4,8.3,0.532,0.531,2.4,3.2,0.762,2.8,6,8.8,0.7,0.3,0.9,1.7,3.1,11.3,0
443,65,29,27.7,3.5,7.1,0.495,0,0.1,0,3.5,7,0.502,0.495,1.4,2.1,0.681,2.9,6.8,9.7,2.2,1.1,0.6,1.1,2.5,8.4,0
444,23,0,14.7,1.6,2.6,0.6,0,0,0,1.6,2.6,0.6,0.6,1.2,2.3,0.519,0.8,1.9,2.7,0.6,0.4,1.3,0.4,2.7,4.3,0
444,24,0,14.1,1.5,2.5,0.6,0,0,0,1.5,2.5,0.6,0.6,1.1,2.2,0.519,0.8,1.8,2.6,0.5,0.4,1.2,0.4,2.6,4.1,0
445,18,18,25.8,3.6,8.3,0.433,0.9,2.8,0.32,2.7,5.6,0.49,0.487,1.7,1.8,0.938,0.3,1.6,1.9,5.3,0.3,0.1,1.5,2.1,9.8,0
445,79,23,22.5,3.5,8.3,0.421,1.4,3.7,0.377,2.1,4.7,0.455,0.504,1.2,1.4,0.88,0.3,1.9,2.2,4.1,0.4,0.1,1.6,1.8,9.6,0
445,61,5,21.5,3.5,8.3,0.417,1.5,3.9,0.389,2,4.4,0.442,0.509,1.1,1.2,0.855,0.2,2,2.3,3.7,0.4,0.1,1.7,1.7,9.5,0
446,21,0,14.6,2,3.9,0.506,0,0,0,2,3.9,0.506,0.506,0.5,1.2,0.423,1.3,2.4,3.7,0.5,1.3,0.8,0.7,2.7,4.4,0
446,54,1,14.4,1.6,3.2,0.514,0,0,0,1.6,3.2,0.514,0.514,0.4,1,0.339,1.5,2,3.5,0.4,1,0.6,0.7,2.2,3.6,0
446,33,1,14.2,1.5,2.8,0.522,0,0,0,1.5,2.8,0.522,0.522,0.2,0.9,0.267,1.6,1.8,3.4,0.3,0.8,0.6,0.7,1.9,3.2,0
447,20,0,9,1.8,4.6,0.38,0.7,2.8,0.25,1.1,1.8,0.583,0.457,0.4,0.7,0.571,0.3,1.4,1.7,0.3,0.2,0.3,0.4,0.8,4.6,0
448,57,57,31.8,6.2,12.2,0.507,0,0,0,6.2,12.2,0.507,0.507,1.8,2.4,0.766,3.2,7.7,11,1.8,1.1,0.8,2,3,14.2,0
449,2,0,5,1,2.5,0.4,0.5,1,0.5,0.5,1.5,0.333,0.5,0,0,0,0,1.5,1.5,0,0.5,0,1.5,0.5,2.5,0
450,54,53,32.9,7.7,14.1,0.545,0.2,0.6,0.281,7.5,13.5,0.557,0.551,3.5,4.8,0.733,1.1,3.4,4.5,4.7,1.5,0.5,3,2,19,0
451,70,24,29.6,6.1,14.2,0.433,1.3,3.6,0.368,4.8,10.6,0.455,0.479,2.3,3.4,0.685,0.5,2.3,2.8,3,0.9,0.2,2.2,2.2,15.9,0
452,73,73,35.8,6.2,15.7,0.393,1.5,4.5,0.333,4.7,11.2,0.417,0.441,3.9,4.6,0.837,0.5,3.7,4.2,6.1,1.2,0.4,2.3,1.8,17.7,0
453,82,82,36.3,7.1,16.3,0.433,1.3,3.8,0.351,5.7,12.5,0.458,0.473,3.9,4.8,0.805,0.5,3.6,4.1,8.8,1.8,0.5,3.6,2.7,19.3,0
454,58,16,24.4,2,4,0.504,0.3,1.1,0.297,1.7,2.9,0.584,0.546,0.8,1.7,0.465,0.6,3,3.7,2.5,1.3,0.2,1.7,1.4,5.1,0
455,9,0,12.9,2,4.7,0.429,0.8,2.3,0.333,1.2,2.3,0.524,0.512,0.6,0.7,0.833,0,1,1,1.1,0.9,0,0.6,1.2,5.3,0
456,63,5,18.9,2.3,5.3,0.437,0.8,2.3,0.366,1.5,3,0.492,0.516,1.1,1.4,0.784,0.3,1.3,1.6,1.7,1,0.1,1,1,6.6,0
457,24,0,6.7,0.1,0.5,0.273,0.1,0.3,0.286,0,0.2,0.25,0.364,0.2,0.2,1,0.2,0.4,0.6,1.2,0.2,0,0.7,1.4,0.5,0
458,2,0,4.5,0.5,1,0.5,0,0,0,0.5,1,0.5,0.5,0,0,0,0,1,1,1,1,0,0,2,1,0
459,78,13,27.7,3.3,7.5,0.433,1.9,4.8,0.392,1.4,2.8,0.502,0.557,1.3,1.6,0.84,0.5,2.4,2.8,1.2,0.5,0.2,0.7,1.9,9.7,0
460,80,80,30.9,5.7,11.7,0.488,0.1,0.2,0.267,5.7,11.6,0.491,0.49,2.5,3.1,0.789,1.5,5.3,6.8,2.8,0.8,0.9,1.7,2.3,14,0
461,46,46,30.7,7.5,17.2,0.437,1.5,4.7,0.318,6,12.5,0.482,0.48,5.3,6.4,0.826,1.2,4.5,5.7,6.9,1.9,0.2,3.8,2.3,21.8,0
462,2,0,5,0,0.5,0,0,0,0,0,0.5,0,0,0,0,0,0,1,1,0,0.5,0,0,0.5,0,0
463,3,0,3,0,0.3,0,0,0,0,0,0.3,0,0,0,0,0,0,0,0,0,0,0,0,0.7,0,0
464,64,58,32.2,5,11.2,0.45,1.5,4.2,0.366,3.5,7,0.5,0.518,2.7,3.4,0.801,0.2,2.4,2.6,6.1,1.5,0.2,2.2,2.3,14.3,0
465,67,15,24.7,2.8,6.4,0.437,0.4,1.3,0.286,2.4,5.1,0.474,0.465,2.6,3.6,0.708,1,3.4,4.4,0.8,0.7,0.2,1,1.6,8.5,0
465,78,15,23.3,2.6,6.2,0.427,0.3,1.3,0.263,2.3,4.9,0.47,0.454,2.4,3.3,0.718,0.9,3.2,4.1,0.7,0.6,0.3,1,1.5,8,0
465,11,0,14.7,1.7,4.9,0.352,0.2,1.4,0.133,1.5,3.5,0.436,0.37,1.3,1.5,0.875,0.3,2.1,2.4,0.1,0.4,0.4,0.5,0.8,4.9,0
466,67,2,17.3,2.1,5,0.415,0.6,1.9,0.296,1.5,3.2,0.486,0.47,1.3,1.8,0.731,0.4,1.5,1.9,1.1,0.5,0,1,1.9,6,0
467,60,7,24.1,3.3,8.2,0.4,1.3,3.9,0.342,2,4.4,0.45,0.48,2.5,3,0.849,0.2,1.9,2.1,3.5,0.8,0.1,1.5,1.1,10.4,0
468,66,50,25.4,3.5,8,0.439,1.3,3.5,0.359,2.2,4.4,0.503,0.519,0.9,1.1,0.781,1.2,3.8,5.1,1.2,0.8,0.5,0.8,2.3,9.1,0
469,74,0,24.8,3.8,9.1,0.417,1.1,3,0.369,2.7,6,0.441,0.478,1.1,1.2,0.876,0.6,1.5,2.1,4.3,0.7,0.1,2,2.7,9.7,0
470,3,0,5.7,1.7,3,0.556,0.3,1,0.333,1.3,2,0.667,0.611,0,0,0,0,0,0,0.3,0.3,0,0.7,0.3,3.7,0
471,36,13,20.9,2,5.3,0.38,1.2,3.6,0.326,0.9,1.8,0.492,0.49,0.4,0.6,0.7,0.7,3.9,4.6,0.8,0.5,0.8,0.6,2.6,5.6,0
472,58,4,11.8,1.2,2.2,0.535,0,0,0,1.2,2.2,0.539,0.535,0.9,1.3,0.712,0.8,1.7,2.6,0.4,0.3,0.9,0.3,1.3,3.3,0
473,58,31,22.6,2.9,6.7,0.437,0.3,1.1,0.29,2.6,5.6,0.465,0.46,1,1.6,0.656,0.6,2,2.6,3.2,0.6,0.3,1,1.2,7.2,0
474,29,1,13.4,1.9,4.9,0.397,0.6,1.9,0.315,1.3,3,0.448,0.457,0.3,0.6,0.625,0.6,1.4,2,0.6,0.8,0.3,0.7,1.5,4.8,0
475,58,0,18.6,3.9,5.7,0.677,0,0,0,3.9,5.7,0.677,0.677,1.3,1.8,0.726,1.8,2.4,4.2,0.5,0.6,0.9,0.6,1.6,9.1,0
476,8,0,15.8,2.6,4.4,0.6,0,0.1,0,2.6,4.3,0.618,0.6,0.8,1.9,0.4,1.3,1.3,2.5,0.6,0.9,0.6,0.6,2.1,6,0
477,68,13,14.5,1.6,4.4,0.374,1,3,0.342,0.6,1.4,0.442,0.49,0.8,1,0.754,0.4,2.4,2.8,0.9,0.3,0.2,0.6,0.9,5,0
478,72,16,24.5,4.8,11.2,0.427,0.6,2.6,0.213,4.2,8.6,0.492,0.452,2.9,4.5,0.641,1,2.2,3.2,3,1.1,0.2,2.8,2.1,13,0
479,64,9,28.3,6,13.9,0.435,2.1,5.5,0.386,3.9,8.4,0.468,0.511,3.7,4.5,0.825,0.5,2.1,2.6,1.5,0.7,0.2,1.5,2.4,17.9,0
480,79,78,34.4,7.4,16.2,0.454,1.1,3.7,0.308,6.2,12.5,0.496,0.489,2.1,2.9,0.712,2.1,3.9,6,2.3,2.1,0.5,2.1,2.7,17.9,0
481,82,3,17.3,2.1,4.9,0.426,0,0,0,2.1,4.9,0.427,0.426,1.8,2.4,0.73,1.4,2.9,4.3,1.1,0.5,0.5,1.1,2.1,6,0
482,70,9,15,2.2,4.1,0.538,0,0,0,2.2,4.1,0.54,0.538,1.2,1.7,0.719,1.5,2.6,4,0.5,0.3,0.5,0.9,2,5.7,0